node_idx,x,y,elevation,flow_accumulation,mean_depth,max_depth
857,803076.56,349732.44,300.84543,1.0,4.787688,8.243927
856,803051.56,349732.44,300.86115,1.0,4.7723107,8.22821
914,803076.56,349707.44,301.03784,2.0,4.5999165,8.051514
913,803051.56,349707.44,301.05524,1.0,4.582905,8.034119
978,803051.56,349682.44,301.15625,1.0,4.484535,7.9331055
858,803101.56,349732.44,301.18964,1.0,4.4522414,7.899719
915,803101.56,349707.44,301.2209,1.0,4.421866,7.868469
979,803076.56,349682.44,301.2693,1.0,4.3747387,7.8200684
981,803126.56,349682.44,301.2813,1.0,4.3638306,7.8080444
912,803026.56,349707.44,301.28125,1.0,4.363157,7.8081055
977,803026.56,349682.44,301.2841,1.0,4.3603377,7.8052673
916,803126.56,349707.44,301.35217,1.0,4.2946143,7.7371826
980,803101.56,349682.44,301.35336,1.0,4.2934375,7.7359924
855,803026.56,349732.44,301.40933,1.0,4.2393994,7.680023
1049,803101.56,349657.44,301.4375,2.0,4.21205,7.6518555
1050,803126.56,349657.44,301.4375,1.0,4.2119484,7.6518555
859,803126.56,349732.44,301.4904,2.0,4.1609864,7.5989685
1047,803051.56,349657.44,301.4909,1.0,4.1606574,7.5984497
917,803151.56,349707.44,301.51984,1.0,4.1329994,7.569519
1048,803076.56,349657.44,301.52914,1.0,4.1235094,7.560211
806,803101.56,349757.44,301.53708,1.0,4.1157527,7.5522766
1117,803101.56,349632.44,301.56186,1.0,4.092248,7.5274963
1116,803076.56,349632.44,301.56186,3.0,4.0919967,7.5274963
982,803151.56,349682.44,301.5739,4.0,4.0806108,7.515442
1185,803101.56,349607.44,301.6251,1.0,4.033455,7.464264
1046,803026.56,349657.44,301.63287,1.0,4.024237,7.456482
1250,803101.56,349582.44,301.64642,1.0,4.0126767,7.442932
1319,803101.56,349557.44,301.65625,1.0,4.006118,7.4331055
1115,803051.56,349632.44,301.6559,1.0,4.001943,7.433441
1118,803126.56,349632.44,301.66766,1.0,3.9904692,7.421692
807,803126.56,349757.44,301.6839,1.0,3.9746013,7.4054565
860,803151.56,349732.44,301.72906,1.0,3.9319112,7.3602905
1184,803076.56,349607.44,301.7376,1.0,3.9240022,7.3517456
1051,803151.56,349657.44,301.78125,1.0,3.882141,7.3081055
1249,803076.56,349582.44,301.8204,1.0,3.8460064,7.2689514
1186,803126.56,349607.44,301.82455,1.0,3.8413303,7.264801
1251,803126.56,349582.44,301.82812,1.0,3.8380098,7.2612305
1119,803151.56,349632.44,301.90378,1.0,3.7658138,7.1855774
1183,803051.56,349607.44,301.9425,6.0,3.7308834,7.1468506
808,803151.56,349757.44,301.94727,1.0,3.7239833,7.14209
1187,803151.56,349607.44,301.95734,1.0,3.7157075,7.132019
1252,803151.56,349582.44,301.9609,1.0,3.7124667,7.1284485
1320,803126.56,349557.44,301.99283,6.0,3.6830478,7.096527
1318,803076.56,349557.44,302.02274,4.0,3.6554816,7.06662
1114,803026.56,349632.44,302.12076,1.0,3.5658984,6.9685974
1248,803051.56,349582.44,302.14954,1.0,3.535201,6.9398193
1317,803051.56,349557.44,302.1598,1.0,3.5250695,6.9295654
983,803176.56,349682.44,302.1809,1.0,3.5080895,6.9084473
918,803176.56,349707.44,302.18115,1.0,3.5076609,6.908203
861,803176.56,349732.44,302.30374,1.0,3.3926668,6.785614
1052,803176.56,349657.44,302.30524,1.0,3.3908617,6.7841187
1321,803151.56,349557.44,302.4169,1.0,3.2907586,6.672455
516,802951.56,349907.44,295.63824,1.0,3.244604,3.8999329
1182,803026.56,349607.44,302.4979,7.0,3.222358,6.591461
1120,803176.56,349632.44,302.49292,1.0,3.2210314,6.5964355
911,803001.56,349707.44,302.51392,1.0,3.203768,6.5754395
854,803001.56,349732.44,302.51834,1.0,3.1975102,6.5710144
471,802951.56,349932.44,295.7006,2.0,3.1835573,3.8357239
1247,803026.56,349582.44,302.68604,4.0,3.0489452,6.4033203
976,803001.56,349682.44,302.85382,1.0,2.904788,6.2355347
1387,803101.56,349532.44,302.85727,1.0,2.892606,6.232086
1188,803176.56,349607.44,302.87332,1.0,2.8841085,6.216034
1386,803076.56,349532.44,302.87115,3.0,2.8770764,6.2182007
3018,801862.0,349097.94,352.31226,1.0,2.82407,3.5324707
1385,803051.56,349532.44,302.92886,1.0,2.8225045,6.160492
862,803201.56,349732.44,302.94165,1.0,2.8182056,6.147705
805,803001.56,349757.44,302.96713,1.0,2.791121,6.122223
1045,803001.56,349657.44,303.00482,1.0,2.7694743,6.0845337
1388,803126.56,349532.44,303.0039,1.0,2.7630706,6.085449
517,802976.56,349907.44,296.13538,1.0,2.7603474,3.4049072
919,803201.56,349707.44,303.021,1.0,2.745001,6.0683594
2984,803056.06,349771.4,303.0664,1.0,2.709972,6.022949
984,803201.56,349682.44,303.06665,1.0,2.7050042,6.022705
1316,803026.56,349557.44,303.15417,1.0,2.65884,5.9351807
2979,803175.8,349776.06,303.17026,2.0,2.611157,5.919098
1053,803201.56,349657.44,303.18365,1.0,2.6042018,5.9057007
1253,803176.56,349582.44,303.21408,1.0,2.5915992,5.8752747
2983,803082.4,349774.1,303.2054,4.0,2.5897117,5.8839417
2985,803027.94,349776.12,303.2556,1.0,2.5367455,5.83374
1121,803201.56,349632.44,303.3031,1.0,2.5031323,5.786255
1389,803151.56,349532.44,303.39206,1.0,2.4434035,5.697296
565,802976.56,349882.44,296.47186,3.0,2.4327445,3.066681
3029,801897.0,349099.75,352.72775,1.0,2.4186637,3.1170044
1189,803201.56,349607.44,303.4231,1.0,2.4003499,5.66626
566,803001.56,349882.44,296.53998,1.0,2.3675144,3.0115051
1322,803176.56,349557.44,303.5212,2.0,2.3218482,5.5681458
2978,803200.1,349771.66,303.50955,1.0,2.3168585,5.5798035
470,802926.56,349932.44,296.60333,1.0,2.3050473,2.926941
1819,803601.56,349382.44,328.56888,1.0,2.2982278,2.7960205
518,803001.56,349907.44,296.61914,1.0,2.2896557,2.9284973
1113,803001.56,349632.44,303.6255,2.0,2.2798862,5.463867
515,802926.56,349907.44,296.7467,1.0,2.165941,2.7842102
920,803226.56,349707.44,303.72333,1.0,2.1499841,5.366028
1820,803626.56,349382.44,328.76248,1.0,2.1090136,2.602417
863,803226.56,349732.44,303.81976,1.0,2.0620966,5.2695923
985,803226.56,349682.44,303.85727,1.0,2.0457504,5.232086
1181,803001.56,349607.44,303.895,1.0,2.0455673,5.1943665
1254,803201.56,349582.44,303.95367,1.0,2.0013516,5.135681
1390,803176.56,349532.44,304.0338,1.0,1.9516021,5.055542
1384,803026.56,349532.44,304.18375,1.0,1.8284935,4.905609
2981,803128.94,349779.8,304.18158,1.0,1.8001134,4.907776
1886,803601.56,349357.44,329.08746,1.0,1.7944436,2.2772522
1323,803201.56,349557.44,304.31766,1.0,1.7236301,4.771698
1054,803226.56,349657.44,304.31396,1.0,1.7086776,4.7753906
1246,803001.56,349582.44,304.48212,4.0,1.654234,4.607239
2977,803223.6,349766.75,304.43417,4.0,1.590704,4.655182
2982,803106.3,349778.12,304.5338,1.0,1.5545013,4.555542
2475,801926.56,349082.44,353.66605,1.0,1.5276248,2.1786804
1753,803626.56,349407.44,329.38824,1.0,1.507177,1.9766846
2980,803152.7,349778.97,304.57513,1.0,1.4900732,4.514221
3555,801909.1,349641.0,336.2067,1.0,1.4752606,1.6403809
1122,803226.56,349632.44,304.75928,1.0,1.4117163,4.330078
567,803026.56,349882.44,297.5434,1.0,1.4039173,2.050293
3019,801878.25,349116.3,353.85443,2.0,1.3539392,1.9901733
568,803051.56,349882.44,297.60864,1.0,1.3419641,2.026947
2606,801976.56,348982.44,353.2902,1.0,1.2633227,1.5089722
842,802701.56,349732.44,307.50098,1.0,1.2632613,1.6331787
2629,801976.56,348957.44,353.29117,1.0,1.2623717,1.5079956
564,802951.56,349882.44,297.69888,1.0,1.2474204,1.8357849
843,802726.56,349732.44,307.52185,1.0,1.2428702,1.6125793
3541,802837.75,349985.66,297.68912,2.0,1.1903695,1.7652893
3392,802847.9,349968.4,297.69202,1.0,1.187378,1.7599182
1190,803226.56,349607.44,305.2105,1.0,1.1675469,3.8788452
3542,802820.6,349975.56,297.75,3.0,1.1306691,1.7011108
1754,803651.56,349407.44,329.80795,1.0,1.113744,1.5569458
3393,802830.75,349958.3,297.78296,1.0,1.0983758,1.6673279
1413,803751.56,349532.44,331.865,1.0,1.0938627,1.217804
3391,802864.56,349977.25,297.80026,1.0,1.0814989,1.6549683
3540,802856.06,349995.34,297.805,2.0,1.0769026,1.6528015
910,802976.56,349707.44,305.28198,1.0,1.0656155,3.807373
617,803076.56,349857.44,297.90756,1.0,1.0583628,1.815033
1752,803601.56,349407.44,329.8756,1.0,1.0509903,1.4893188
1685,803651.56,349432.44,329.8774,4.0,1.0476215,1.4875793
900,802726.56,349707.44,307.7238,1.0,1.045613,1.407135
2015,801651.56,349282.44,356.89078,1.0,1.0361627,1.250824
1315,803001.56,349557.44,306.2499,1.0,1.0086879,2.839447
2836,802301.56,348732.44,340.7787,1.0,1.0022471,2.741455
616,803051.56,349857.44,297.9668,1.0,0.9956623,1.6876526
986,803251.56,349682.44,305.42844,1.0,0.9934294,3.6609192
472,802976.56,349932.44,297.9715,1.0,0.9890628,1.5667114
853,802976.56,349732.44,305.37988,1.0,0.9857541,3.7094727
1180,802976.56,349607.44,305.5585,1.0,0.95998096,3.5308533
1112,802976.56,349632.44,305.57526,1.0,0.9478498,3.5140991
975,802976.56,349682.44,305.43008,1.0,0.9443954,3.6592712
3630,801881.56,349635.16,336.76102,1.0,0.93763757,1.0862427
2816,802276.56,348757.44,339.5438,1.0,0.932867,1.9968567
1391,803201.56,349532.44,305.75446,2.0,0.9213777,3.3349
3543,802803.44,349965.47,297.96875,1.0,0.91699594,1.4786072
921,803251.56,349707.44,305.53616,1.0,0.9023629,3.5531921
1684,803626.56,349432.44,330.05777,3.0,0.88034,1.307251
864,803251.56,349732.44,305.57892,1.0,0.868018,3.510437
1255,803226.56,349582.44,305.901,1.0,0.8662099,3.1883545
569,803076.56,349882.44,298.11038,1.0,0.85765827,1.5705566
3420,802834.2,350006.75,298.03302,1.0,0.8545354,1.4137878
3394,802813.6,349948.22,298.04895,2.0,0.83880025,1.3996582
1055,803251.56,349657.44,305.64673,1.0,0.8282822,3.442627
2773,802226.56,348807.44,336.0839,1.0,0.8108871,1.8609619
3419,802817.0,349996.66,298.09393,1.0,0.79514986,1.3590393
1414,801776.56,349507.44,338.5006,1.0,0.7889129,1.2385254
2334,802626.56,349157.44,323.25256,1.0,0.7658986,1.2000732
3418,802799.9,349986.56,298.1281,1.0,0.76167387,1.3203125
1044,802976.56,349657.44,305.81287,1.0,0.73726887,3.2764893
2656,802101.56,348932.44,341.1503,1.0,0.7246791,1.617157
514,802901.56,349907.44,298.24786,1.0,0.72174406,1.2774963
2795,802251.56,348782.44,337.86624,1.0,0.7172273,1.8218994
1347,801801.56,349532.44,338.5887,2.0,0.70274705,1.1463318
3417,802782.75,349976.47,298.18945,1.0,0.70143324,1.249115
2367,801851.56,349132.44,354.59048,1.0,0.7013825,1.2533875
1458,803151.56,349507.44,306.23975,1.0,0.6988851,2.8496094
1459,803176.56,349507.44,306.2383,1.0,0.6957489,2.8510437
2976,803245.8,349760.1,305.91498,1.0,0.6911178,3.1743774
562,802901.56,349882.44,298.28125,1.0,0.6888799,1.2403564
1123,803251.56,349632.44,305.9638,1.0,0.656098,3.1255493
3544,802786.3,349955.38,298.24527,1.0,0.6478051,1.1964111
1534,803351.56,349482.44,317.9481,3.0,0.63477224,1.720581
1245,802976.56,349582.44,306.74704,5.0,0.62633467,2.3423157
1701,802051.56,349407.44,344.74496,1.0,0.6218302,1.8464966
2817,802301.56,348757.44,333.8302,1.0,0.6118825,1.572113
3395,802796.5,349938.12,298.28217,3.0,0.6118388,1.1629028
1885,803576.56,349357.44,330.37003,1.0,0.60933584,0.9934387
2837,802326.56,348732.44,335.69897,1.0,0.60298043,1.738739
804,802976.56,349757.44,306.30847,3.0,0.60112375,2.7808533
1324,803226.56,349557.44,306.5216,1.0,0.5952011,2.567749
370,802651.56,350007.44,296.9253,10.0,0.58433425,1.3004761
3269,802789.75,350003.78,298.31305,1.0,0.5816049,1.136383
1457,803126.56,349507.44,307.15042,1.0,0.58057636,1.9388733
1548,803701.56,349482.44,331.10007,7.0,0.57671213,0.8791504
561,802876.56,349882.44,298.4018,1.0,0.57257855,1.1115417
3390,802881.75,349983.84,298.3255,1.0,0.57048404,1.1341248
3539,802875.9,350002.97,298.32867,2.0,0.56441975,1.1005554
1483,801776.56,349482.44,338.73294,1.0,0.56330377,1.0084534
2796,802276.56,348782.44,331.82312,1.0,0.5556248,1.272522
3416,802765.6,349966.38,298.34375,1.0,0.55012816,1.0725403
1907,802176.56,349332.44,329.54672,1.0,0.548239,1.4752502
2581,801976.56,349007.44,354.04123,1.0,0.5462076,0.7630005
3268,802772.56,349993.7,298.34985,2.0,0.5455304,1.0848389
2660,802201.56,348932.44,330.391,1.0,0.5453712,1.3764648
1616,803676.56,349457.44,330.72174,1.0,0.54413867,0.71817017
1686,803676.56,349432.44,330.72174,1.0,0.54401267,0.7163086
1533,803326.56,349482.44,314.47516,1.0,0.54177874,1.2915039
1792,802926.56,349382.44,315.3472,1.0,0.5404597,1.2504883
1658,802976.56,349432.44,310.72324,1.0,0.53995603,1.2000122
774,802076.56,349757.44,336.2889,1.0,0.53429896,0.7145996
2855,802326.56,348707.44,342.1244,3.0,0.5341018,1.3555298
3267,802755.44,349983.6,298.36166,2.0,0.5323382,1.0441895
469,802901.56,349932.44,298.4497,2.0,0.52731186,1.0714722
2661,802226.56,348932.44,326.36005,2.0,0.5246381,1.3502502
1383,803001.56,349532.44,307.80832,1.0,0.522623,1.2810669
513,802876.56,349907.44,298.45468,1.0,0.5214751,1.0562439
2592,802251.56,349007.44,329.38303,3.0,0.5187575,1.3937683
1772,802101.56,349382.44,337.93954,1.0,0.5057114,1.4654236
1771,802076.56,349382.44,343.43222,3.0,0.503301,1.4390259
2610,802076.56,348982.44,348.53455,1.0,0.5016643,1.0766602
2794,802226.56,348782.44,342.3408,1.0,0.5007524,1.3802795
3545,802769.2,349945.28,298.40088,1.0,0.49681327,1.033905
1726,802951.56,349407.44,313.46875,3.0,0.49675196,1.3713989
1535,803376.56,349482.44,319.92215,1.0,0.49176535,1.3803406
3270,802806.9,350013.88,298.40723,2.0,0.49038243,1.0454407
122,802751.56,350232.44,302.15005,3.0,0.49023044,1.5522766
619,803126.56,349857.44,300.2212,1.0,0.48920578,1.2863464
618,803101.56,349857.44,298.95453,1.0,0.4888313,1.101654
732,802126.56,349782.44,330.89374,2.0,0.48766574,0.9687195
2632,802051.56,348957.44,351.7221,4.0,0.48429576,1.3869324
2819,802351.56,348757.44,330.86127,3.0,0.48010713,1.4295044
1666,803176.56,349432.44,314.57056,2.0,0.47997025,1.5570068
401,803226.56,349982.44,311.62167,3.0,0.47933835,1.309906
2730,802276.56,348857.44,325.88196,1.0,0.47888085,1.1655273
1460,803201.56,349507.44,306.75018,1.0,0.47733557,2.3391724
1631,802026.56,349432.44,342.06027,1.0,0.47710007,1.742157
3396,802779.3,349928.03,298.42346,1.0,0.47476417,1.0119324
3415,802748.44,349956.28,298.41672,1.0,0.47402805,0.9545288
3133,802496.25,349104.44,313.31168,2.0,0.47021788,3.1654358
2016,801676.56,349282.44,357.4879,1.0,0.46327028,0.6540222
2611,802101.56,348982.44,337.2098,1.0,0.4626511,0.967041
1464,803301.56,349507.44,311.88678,1.0,0.46153465,1.1999817
3266,802738.3,349973.5,298.4283,1.0,0.4612465,0.91937256
823,802051.56,349732.44,336.364,1.0,0.46084484,0.63897705
1481,803726.56,349507.44,331.22424,1.0,0.4555091,0.75509644
1793,802951.56,349382.44,315.4339,1.0,0.45437914,1.1629028
1838,802101.56,349357.44,344.04547,1.0,0.4505767,1.4958496
1973,802201.56,349307.44,331.1482,2.0,0.4502337,1.3319397
1463,803276.56,349507.44,310.55502,1.0,0.44933894,1.2080383
1075,803751.56,349657.44,333.31287,1.0,0.4485387,0.52175903
1007,803776.56,349682.44,333.31308,2.0,0.44835123,0.5217285
1076,803776.56,349657.44,333.31308,1.0,0.44832882,0.52142334
1006,803751.56,349682.44,333.31464,2.0,0.44685745,0.52005005
1482,801751.56,349482.44,338.85657,1.0,0.44311604,0.8772278
235,803126.56,350157.44,312.3125,10.0,0.44207314,1.2138367
251,803526.56,350157.44,327.4375,4.0,0.44140354,0.58154297
2532,802151.56,349057.44,342.12775,3.0,0.440798,1.236206
1496,802301.56,349482.44,315.87805,1.0,0.43948892,1.3713074
1702,802076.56,349407.44,337.75552,1.0,0.43863145,1.3233948
2386,802551.56,349132.44,317.08746,1.0,0.43674794,1.2415466
2772,802201.56,348807.44,342.6933,4.0,0.4352646,1.111145
356,802651.56,350032.44,295.75177,1.0,0.4336629,1.6894531
2750,802201.56,348832.44,336.1315,1.0,0.43229705,1.1610413
1839,802126.56,349357.44,339.1312,1.0,0.43043727,1.4272156
1462,803251.56,349507.44,308.8182,1.0,0.4303259,0.9493103
2533,802176.56,349057.44,339.25647,1.0,0.43015113,1.4865112
1392,803226.56,349532.44,307.1222,1.0,0.42936194,1.9671631
3271,802824.0,350023.97,298.47034,1.0,0.42920277,0.9762268
1770,802051.56,349382.44,347.98566,1.0,0.42899382,0.94281006
160,802926.56,350207.44,316.32544,1.0,0.42617628,1.3639832
1566,802326.56,349457.44,315.8329,1.0,0.42519403,1.3595886
306,803126.56,350107.44,308.90454,1.0,0.42509225,1.2975769
2799,802351.56,348782.44,328.68033,1.0,0.42377144,1.402008
1531,803276.56,349482.44,311.7911,1.0,0.4237662,0.9596863
3139,802421.3,349011.38,318.52994,1.0,0.41980666,0.9163513
1532,803301.56,349482.44,312.7986,1.0,0.4182348,0.92388916
734,802201.56,349782.44,325.5187,1.0,0.41792297,1.1895447
1962,801926.56,349307.44,355.73672,1.0,0.41791424,1.3227844
1599,803251.56,349457.44,314.80167,1.0,0.4176842,1.221405
731,802101.56,349782.44,333.59198,1.0,0.41644937,0.9963684
2732,802326.56,348857.44,323.75156,1.0,0.41557857,1.1907959
3138,802433.8,349026.88,316.44055,1.0,0.41479096,0.87008667
263,802951.56,350132.44,312.92902,3.0,0.4143542,1.3734131
2701,802151.56,348882.44,342.25992,1.0,0.41427693,1.2299805
204,803201.56,350182.44,315.125,3.0,0.41361827,0.7392578
3421,802850.7,350015.12,298.48907,1.0,0.41107804,0.94415283
1991,802976.56,349307.44,321.8371,3.0,0.41103062,1.1003723
1428,802301.56,349507.44,312.6029,1.0,0.4103028,1.1803284
2152,802101.56,349232.44,347.87537,1.0,0.40900573,1.3453064
128,802901.56,350232.44,314.56522,1.0,0.4079449,1.2661133
1497,802326.56,349482.44,312.99008,1.0,0.40420845,1.2857056
262,802926.56,350132.44,308.76447,1.0,0.40155613,1.3290405
1841,802176.56,349357.44,325.50055,1.0,0.399505,1.1964417
1734,803151.56,349407.44,313.96457,1.0,0.3989364,1.2764282
587,803526.56,349882.44,315.5491,1.0,0.39871955,1.3665771
1587,802951.56,349457.44,311.3706,1.0,0.39710876,0.9941406
2798,802326.56,348782.44,328.62552,1.0,0.39518347,1.2017822
227,802926.56,350157.44,311.34534,1.0,0.39504725,1.297821
1859,802926.56,349357.44,317.81866,1.0,0.39376095,1.1933899
1657,802951.56,349432.44,311.36392,3.0,0.39165643,1.0586548
2731,802301.56,348857.44,323.76996,3.0,0.39091206,1.117218
1111,802951.56,349632.44,306.85233,1.0,0.39086506,2.2370605
1311,802901.56,349557.44,314.32333,2.0,0.3900525,1.1515198
2586,802101.56,349007.44,340.47485,1.0,0.3896407,1.1397705
369,802626.56,350007.44,295.2491,1.0,0.38958475,1.6460571
400,803201.56,349982.44,309.25647,1.0,0.38915595,1.117218
2835,802276.56,348732.44,342.72568,1.0,0.38826764,0.9248047
299,802951.56,350107.44,308.11703,1.0,0.3879898,1.2796936
238,803201.56,350157.44,315.15198,1.0,0.38678995,0.7022095
2838,802351.56,348732.44,333.19098,1.0,0.3867378,1.1257019
722,803526.56,349807.44,314.02695,2.0,0.38648576,1.2392883
1031,802551.56,349657.44,306.07663,1.0,0.38557544,1.1520691
2857,802376.56,348707.44,337.28787,2.0,0.38439396,1.2637024
2585,802076.56,349007.44,349.88293,3.0,0.38434252,1.0440979
1466,803351.56,349507.44,321.78983,1.0,0.38353735,1.1790771
305,803101.56,350107.44,307.96738,2.0,0.3825452,1.2993469
721,803501.56,349807.44,310.82263,1.0,0.38059342,0.8671875
2332,802576.56,349157.44,319.94778,1.0,0.38020906,1.2340393
1567,802351.56,349457.44,312.82773,1.0,0.3799991,1.2437439
3246,802430.7,349054.94,317.23148,1.0,0.37979993,1.0312805
1840,802151.56,349357.44,331.4161,5.0,0.3785962,1.4066772
1528,803201.56,349482.44,309.2186,3.0,0.37753943,1.0672607
1256,803251.56,349582.44,307.03946,1.0,0.37710392,2.0498962
3247,802418.2,349039.44,318.10495,1.0,0.37624678,1.013794
3137,802446.25,349042.4,315.54007,1.0,0.37586856,0.90734863
1604,803376.56,349457.44,320.4988,1.0,0.3756677,0.9884033
586,803501.56,349882.44,310.86453,1.0,0.37498605,1.166565
955,802301.56,349682.44,312.5207,1.0,0.3746262,0.9734497
1461,803226.56,349507.44,307.99292,2.0,0.37427157,1.096283
2559,802101.56,349032.44,346.0598,1.0,0.37292096,1.2539673
2153,802126.56,349232.44,343.1382,1.0,0.37179917,1.2072754
386,802626.56,349982.44,297.242,1.0,0.37156987,1.1165771
1565,802301.56,349457.44,317.49155,1.0,0.3709427,1.1295471
159,802901.56,350207.44,311.73505,1.0,0.37024632,1.1412048
1600,803276.56,349457.44,316.97037,1.0,0.3678105,1.1532898
1636,802351.56,349432.44,313.15308,1.0,0.36633983,1.0029907
387,802651.56,349982.44,297.25,1.0,0.3651199,1.1368408
2037,802201.56,349282.44,331.37247,1.0,0.36309677,1.0590515
1425,802226.56,349507.44,322.76105,1.0,0.36290643,1.0881042
2716,802526.56,348882.44,330.75998,1.0,0.36214486,1.2089233
937,803651.56,349707.44,325.0239,1.0,0.3618542,0.9790344
1667,803201.56,349432.44,315.74823,1.0,0.36117333,0.86032104
3016,802894.3,349847.2,306.92612,1.0,0.360206,1.1543884
1988,802901.56,349307.44,320.9829,1.0,0.35876253,0.9093933
2139,801726.56,349232.44,357.72064,1.0,0.3579994,0.5690918
2140,801751.56,349232.44,357.72064,1.0,0.35799792,0.56900024
641,802251.56,349832.44,319.72592,4.0,0.3571508,0.92837524
592,802276.56,349857.44,317.91504,1.0,0.35629892,0.9479675
2655,802076.56,348932.44,347.36142,1.0,0.3562962,0.81222534
2560,802126.56,349032.44,339.74423,1.0,0.355812,1.1561279
963,802576.56,349682.44,307.22696,1.0,0.35523158,1.1054077
2659,802176.56,348932.44,332.38556,3.0,0.35350347,0.93136597
1756,801701.56,349382.44,353.01923,1.0,0.3530025,1.133667
439,803201.56,349957.44,307.77994,1.0,0.3528573,1.059082
1725,802926.56,349407.44,314.40475,1.0,0.35234886,0.8088989
2780,802401.56,348807.44,328.89587,1.0,0.35082078,1.1760559
1632,802051.56,349432.44,338.27823,1.0,0.3500967,1.2792053
2595,802451.56,349007.44,315.64215,1.0,0.34995443,0.867218
608,802801.56,349857.44,303.8162,1.0,0.34932518,1.0486755
466,802826.56,349932.44,298.55536,1.0,0.3485889,0.8972473
2534,802201.56,349057.44,334.9465,1.0,0.34843147,1.1833496
1294,802376.56,349557.44,306.13593,1.0,0.34757498,0.89715576
1860,802951.56,349357.44,317.8706,1.0,0.34610933,1.1555481
1365,802451.56,349532.44,304.792,1.0,0.34493455,1.3459473
184,802701.56,350182.44,295.71335,1.0,0.34460625,1.1023865
1468,803401.56,349507.44,324.5881,1.0,0.34354594,0.87942505
1605,803401.56,349457.44,321.4278,3.0,0.34097785,0.8685303
3546,802751.94,349934.5,298.5627,1.0,0.34090602,0.8713074
3245,802443.2,349070.44,316.43515,1.0,0.34070078,1.0695496
1099,802526.56,349632.44,304.5178,1.0,0.34003907,1.2079773
2657,802126.56,348932.44,335.1114,1.0,0.33997482,0.75109863
1396,803326.56,349532.44,317.79962,1.0,0.33982596,1.0821228
2033,802101.56,349282.44,343.05405,1.0,0.33966196,0.98046875
1758,801751.56,349382.44,344.4936,1.0,0.339263,1.0546265
270,803126.56,350132.44,310.611,1.0,0.3392524,1.0705872
1494,802251.56,349482.44,320.36105,1.0,0.33919963,0.94033813
1727,802976.56,349407.44,315.03,1.0,0.3387397,0.9871826
193,802926.56,350182.44,313.3853,1.0,0.33798778,1.1189575
615,803026.56,349857.44,298.66183,1.0,0.33749968,0.97817993
1955,801751.56,349307.44,353.23245,1.0,0.33686647,1.0608215
1735,803176.56,349407.44,316.5882,1.0,0.33675706,1.092102
1549,801726.56,349457.44,344.4261,1.0,0.33602437,1.1117554
1325,803251.56,349557.44,307.1089,1.0,0.3358353,1.9804688
2276,802601.56,349182.44,322.77234,1.0,0.33555385,1.0202332
2737,802451.56,348857.44,325.5027,1.0,0.334841,1.1183167
1974,802226.56,349307.44,326.31232,1.0,0.33427486,0.99368286
1656,802926.56,349432.44,313.7289,1.0,0.3333069,1.02771
485,803301.56,349932.44,310.07928,1.0,0.33235276,1.1847229
1630,802001.56,349432.44,346.07477,1.0,0.33198288,1.5379333
3030,801913.3,349116.66,355.03116,1.0,0.33174068,0.81240845
3132,802508.75,349119.78,312.3948,1.0,0.3317241,4.08432
428,802926.56,349957.44,298.65723,1.0,0.33165294,0.8537903
2797,802301.56,348782.44,329.20764,1.0,0.33126423,0.7590637
2571,802526.56,349032.44,319.31583,1.0,0.33104673,1.1251221
2759,802426.56,348832.44,326.51062,1.0,0.33098838,1.0435486
1525,803126.56,349482.44,309.28247,1.0,0.3308455,1.0577087
1101,802576.56,349632.44,314.3634,1.0,0.33060908,0.8942261
3669,802431.2,349247.2,315.03568,1.0,0.32983395,0.78189087
1976,802476.56,349307.44,314.14236,5.0,0.32982123,1.4058228
2631,802026.56,348957.44,352.98215,2.0,0.32947972,0.8289795
1668,803226.56,349432.44,316.8828,1.0,0.32910994,0.9343872
1598,803226.56,349457.44,311.80972,1.0,0.3285223,0.8866577
2155,802176.56,349232.44,337.36258,1.0,0.32708037,1.2521973
2488,802251.56,349082.44,329.70413,1.0,0.32688206,0.91955566
2616,802226.56,348982.44,331.09476,1.0,0.32632643,1.057251
1393,803251.56,349532.44,307.55585,4.0,0.32608294,1.5333252
1480,803701.56,349507.44,331.3579,1.0,0.3260135,0.62164307
2566,802276.56,349032.44,330.36243,1.0,0.32511902,1.0536194
2856,802351.56,348707.44,337.40195,1.0,0.32502177,1.2145386
1508,802601.56,349482.44,320.45413,1.0,0.3249629,0.95199585
1773,802126.56,349382.44,332.7855,1.0,0.32471156,0.97164917
2692,802551.56,348907.44,329.01083,1.0,0.32443428,1.0857849
1314,802976.56,349557.44,308.3053,1.0,0.3240978,1.0471802
1889,801726.56,349332.44,354.1909,2.0,0.3233738,1.1825562
1733,803126.56,349407.44,311.18768,1.0,0.32233006,0.91574097
2818,802326.56,348757.44,331.3389,2.0,0.32212272,1.0013428
1814,803476.56,349382.44,328.79843,31.0,0.32206663,0.83444214
1588,802976.56,349457.44,309.59546,1.0,0.32203382,0.8257446
2617,802251.56,348982.44,325.66528,3.0,0.32192263,0.9092407
2678,802126.56,348907.44,340.97742,1.0,0.32135254,1.0791626
1924,802901.56,349332.44,319.65704,1.0,0.32098696,0.861084
1179,802951.56,349607.44,306.95514,1.0,0.32074618,2.1342163
2211,802201.56,349207.44,331.38223,2.0,0.320594,1.0416565
1560,802001.56,349457.44,340.5817,1.0,0.31928185,1.1338501
2035,802151.56,349282.44,336.61685,1.0,0.31845626,0.960022
1800,803126.56,349382.44,312.81955,3.0,0.3179317,0.96777344
3015,802921.3,349844.2,308.11758,1.0,0.31752548,0.9623108
2426,802076.56,349107.44,352.2064,1.0,0.317454,1.1161194
3374,803190.94,350023.28,309.76764,2.0,0.31670398,0.9404602
1293,802351.56,349557.44,308.13626,1.0,0.31656176,0.9578552
269,803101.56,350132.44,310.62494,2.0,0.31601334,1.0035095
931,803501.56,349707.44,324.01065,2.0,0.31569916,0.94052124
1802,803176.56,349382.44,318.58295,2.0,0.3151875,0.9942932
3248,802405.75,349023.9,318.7652,1.0,0.31482515,0.67230225
2039,802251.56,349282.44,325.10446,1.0,0.3147633,1.223114
2097,802176.56,349257.44,337.87756,1.0,0.31398302,0.96029663
622,803201.56,349857.44,301.6156,1.0,0.31366354,0.7496643
297,802901.56,350107.44,303.11356,1.0,0.31236988,0.9523926
3582,802357.4,349347.4,315.07245,1.0,0.3114859,0.9717102
228,802951.56,350157.44,314.93784,1.0,0.3114713,1.0061646
388,802676.56,349982.44,297.64273,1.0,0.31142345,1.0404358
1724,802901.56,349407.44,317.65793,1.0,0.310573,1.1335754
720,803476.56,349807.44,310.11606,1.0,0.31050503,0.9581909
187,802776.56,350182.44,303.8894,1.0,0.30974782,0.9218445
597,802401.56,349857.44,307.01343,1.0,0.30946273,1.0714111
2537,802276.56,349057.44,328.78235,1.0,0.30936915,1.1256409
2950,802392.4,349553.44,305.06464,1.0,0.30896744,0.92453
1226,802326.56,349582.44,310.14194,1.0,0.30872008,0.8603821
532,803351.56,349907.44,310.56833,1.0,0.30849966,1.0572205
1688,801726.56,349407.44,347.1001,2.0,0.3084875,0.9178467
1737,803226.56,349407.44,319.3769,2.0,0.3079441,0.91812134
1435,802476.56,349507.44,306.0494,3.0,0.30791712,1.1358032
2607,802001.56,348982.44,354.2974,3.0,0.3068773,0.49090576
3670,802414.44,349257.84,315.06924,4.0,0.30619684,0.79644775
1356,802226.56,349532.44,319.50952,1.0,0.30617154,0.93847656
1426,802251.56,349507.44,318.2931,4.0,0.30595878,0.8597412
1019,802176.56,349657.44,329.22922,4.0,0.30506167,1.0093994
733,802176.56,349782.44,326.60376,1.0,0.30497387,0.76208496
443,803301.56,349957.44,314.17935,1.0,0.3047313,1.1691895
2709,802351.56,348882.44,322.66745,2.0,0.30466825,0.83914185
754,802801.56,349782.44,314.31265,1.0,0.30457804,0.979187
298,802926.56,350107.44,305.6072,1.0,0.30423748,1.060791
2208,802126.56,349207.44,346.61795,3.0,0.30418235,1.0560303
1927,802976.56,349332.44,319.8131,1.0,0.30388403,0.8293457
1452,803001.56,349507.44,308.29083,7.0,0.30380288,0.9650574
531,803326.56,349907.44,308.64667,1.0,0.3034018,1.0708923
1527,803176.56,349482.44,309.30914,1.0,0.30336162,1.027008
2542,802526.56,349057.44,317.29645,1.0,0.30304205,1.1139221
1507,802576.56,349482.44,313.41464,1.0,0.30240327,0.9445801
2938,802480.5,349679.8,300.53186,1.0,0.30192629,1.7492981
1904,802101.56,349332.44,347.85025,1.0,0.30152628,1.1014404
192,802901.56,350182.44,309.69165,1.0,0.30144182,1.0191345
3397,802762.94,349917.8,298.60376,5.0,0.30099905,0.82907104
468,802876.56,349932.44,298.68192,1.0,0.30088627,0.81082153
1794,802976.56,349382.44,317.28674,1.0,0.30062658,0.87353516
1700,802026.56,349407.44,347.5666,1.0,0.30056605,1.0997314
2939,802493.4,349693.94,300.5334,1.0,0.3004351,1.7492676
1032,802576.56,349657.44,311.42087,1.0,0.2993745,0.91607666
1538,803451.56,349482.44,323.9492,1.0,0.2991723,1.0094299
2210,802176.56,349207.44,338.63333,1.0,0.2991472,0.95858765
2327,802326.56,349157.44,321.70926,2.0,0.29897934,0.9717407
1469,803426.56,349507.44,324.65878,2.0,0.29869983,0.8652344
2024,801876.56,349282.44,354.7171,1.0,0.29763228,0.9326172
2753,802276.56,348832.44,327.25623,2.0,0.29734522,0.77212524
719,803451.56,349807.44,310.09805,1.0,0.29725233,0.82025146
1911,802451.56,349332.44,311.4958,1.0,0.29692188,1.3210144
1302,802576.56,349557.44,310.8005,1.0,0.29681277,1.0175476
490,803426.56,349932.44,315.17474,1.0,0.29667607,0.9586792
1024,802301.56,349657.44,311.1729,1.0,0.2964643,1.0006409
2634,802101.56,348957.44,335.98477,1.0,0.29640502,0.73931885
2598,802526.56,349007.44,320.32327,4.0,0.29625574,0.8302307
1619,801726.56,349432.44,345.6408,1.0,0.29625088,0.9061279
624,803251.56,349857.44,302.82648,1.0,0.29588088,0.7510681
925,803351.56,349707.44,320.67505,1.0,0.29539067,1.0588074
2198,801776.56,349207.44,357.25476,1.0,0.2953631,0.723114
2958,802508.1,349680.47,300.53464,1.0,0.29535836,1.7482605
2333,802601.56,349157.44,323.73746,2.0,0.29492694,0.71603394
477,803101.56,349932.44,302.4603,1.0,0.29442537,0.7344055
2774,802251.56,348807.44,329.95807,1.0,0.29439107,0.7257385
2580,802751.56,349032.44,333.83633,2.0,0.2929694,0.41455078
623,803226.56,349857.44,302.16818,1.0,0.29270625,0.7111511
2036,802176.56,349282.44,334.32,1.0,0.29270083,0.8187256
3244,802455.7,349085.97,315.63498,1.0,0.29258907,0.98431396
892,802326.56,349707.44,310.06723,1.0,0.2922535,0.91864014
304,803076.56,350107.44,305.00012,1.0,0.29186335,0.97262573
793,802701.56,349757.44,308.50714,1.0,0.29181668,0.619812
273,803201.56,350132.44,314.58282,1.0,0.2916985,0.91244507
2755,802326.56,348832.44,324.845,3.0,0.29129064,0.72006226
832,802276.56,349732.44,318.929,1.0,0.2911841,0.84628296
60,803201.56,350307.44,325.61087,4.0,0.29101872,1.0296326
1990,802951.56,349307.44,320.12436,1.0,0.29098517,0.87579346
1764,801901.56,349382.44,343.54642,1.0,0.29066244,0.85806274
2670,802576.56,348932.44,329.1327,1.0,0.2902727,0.9689636
456,802426.56,349932.44,303.74786,1.0,0.28978938,0.7447815
1602,803326.56,349457.44,317.9699,1.0,0.28918555,0.6694946
625,803276.56,349857.44,303.47876,1.0,0.28865135,0.69885254
2621,802501.56,348982.44,320.41275,1.0,0.28833288,0.8656006
1561,802026.56,349457.44,336.20615,1.0,0.28824025,1.0957336
835,802351.56,349732.44,308.4579,1.0,0.28806874,0.93481445
1093,802301.56,349632.44,311.1818,1.0,0.28771612,1.0214233
901,802751.56,349707.44,311.50146,1.0,0.28767037,0.9051819
2873,802351.56,348682.44,342.29855,1.0,0.28738576,1.0252991
637,803576.56,349857.44,320.01447,1.0,0.28732803,0.7281189
2052,802901.56,349282.44,322.20682,1.0,0.28715464,0.89593506
129,802926.56,350232.44,318.34253,1.0,0.28683704,0.9249573
708,802826.56,349807.44,314.12744,1.0,0.286811,0.9339905
1394,803276.56,349532.44,309.0758,1.0,0.28675172,0.7313843
1100,802551.56,349632.44,309.5121,1.0,0.2862141,0.6951599
39,803226.56,350332.44,324.16354,1.0,0.2861165,1.0072632
606,802751.56,349857.44,304.36478,1.0,0.2859437,0.99560547
3370,803270.4,350018.66,315.74265,2.0,0.28588897,0.8387146
1801,803151.56,349382.44,315.46295,1.0,0.28588313,0.9298401
1989,802926.56,349307.44,320.14716,1.0,0.28556472,0.97073364
454,802376.56,349932.44,309.06393,1.0,0.28528917,0.8346863
2101,802276.56,349257.44,322.8065,1.0,0.28510743,0.8029175
1290,802276.56,349557.44,313.68497,2.0,0.28506982,0.8428345
607,802776.56,349857.44,307.27017,1.0,0.28498104,0.90805054
1088,802176.56,349632.44,325.23566,1.0,0.28375676,0.83291626
2020,801776.56,349282.44,355.5219,2.0,0.28344,1.0032959
2567,802301.56,349032.44,328.03238,3.0,0.2830864,0.9537964
197,803026.56,350182.44,315.7088,1.0,0.28278464,0.9785156
1837,802076.56,349357.44,346.95337,1.0,0.281935,0.9955139
309,803201.56,350107.44,313.25723,1.0,0.2815729,0.9291687
2986,803003.9,349788.34,307.66986,1.0,0.28120002,1.4194946
398,803151.56,349982.44,306.5351,1.0,0.2809581,0.7469177
3249,802393.2,349009.94,319.34573,1.0,0.28075546,0.5647278
1526,803151.56,349482.44,309.3337,3.0,0.2804636,1.0162659
1519,802976.56,349482.44,309.16205,1.0,0.28011265,0.8822937
1291,802301.56,349557.44,310.46384,2.0,0.27950913,0.8643799
1529,803226.56,349482.44,309.86185,2.0,0.2790896,0.5588989
2820,802376.56,348757.44,333.047,1.0,0.2789805,1.1267395
1824,801751.56,349357.44,347.40796,1.0,0.2789379,0.92266846
1551,801776.56,349457.44,339.12778,1.0,0.27852517,0.63775635
3241,802493.3,349132.5,312.3266,1.0,0.27849838,4.1472473
1225,802301.56,349582.44,312.89432,7.0,0.27813718,0.966095
2032,802076.56,349282.44,349.8957,1.0,0.2778175,0.7486572
169,803151.56,350207.44,314.28558,1.0,0.27744362,0.81036377
1659,803001.56,349432.44,315.341,1.0,0.27740625,0.9651184
1043,802951.56,349657.44,307.13885,1.0,0.27733445,1.95047
2492,802351.56,349082.44,322.91373,1.0,0.27727896,0.91244507
1465,803326.56,349507.44,312.90277,1.0,0.2768784,0.7733154
3131,802521.4,349135.1,312.4403,1.0,0.27687657,4.0384827
1091,802251.56,349632.44,319.15247,1.0,0.27666783,0.9525757
1559,801976.56,349457.44,345.23865,1.0,0.2766221,1.0061646
1603,803351.56,349457.44,318.91614,2.0,0.2760679,0.7989502
1536,803401.56,349482.44,321.73373,1.0,0.27573058,0.75772095
371,802676.56,350007.44,297.636,3.0,0.2755841,0.87442017
749,802676.56,349782.44,306.4095,4.0,0.27546942,0.77368164
938,803676.56,349707.44,327.74698,3.0,0.27540764,0.8293152
2729,802251.56,348857.44,328.49387,1.0,0.2753673,0.756958
1023,802276.56,349657.44,316.48813,1.0,0.27518246,0.9543762
2619,802451.56,348982.44,318.98242,1.0,0.27517834,0.68014526
1606,803426.56,349457.44,322.17386,1.0,0.2747108,0.727478
537,803476.56,349907.44,313.78098,2.0,0.2744999,0.7158203
2622,802526.56,348982.44,321.62485,1.0,0.27410072,0.8019104
794,802726.56,349757.44,308.5266,2.0,0.27384865,0.60809326
438,803176.56,349957.44,305.66385,1.0,0.27368534,0.7758484
1618,801701.56,349432.44,349.95605,1.0,0.27361208,0.87841797
557,802776.56,349882.44,301.4283,1.0,0.27352616,0.8364868
1379,802901.56,349532.44,313.12204,1.0,0.27235165,1.0031738
1359,802301.56,349532.44,310.44498,1.0,0.27224916,0.7867737
217,802676.56,350157.44,293.1492,7.0,0.2722378,0.89541626
1908,802201.56,349332.44,326.10956,1.0,0.272192,0.8279419
427,802901.56,349957.44,298.71786,1.0,0.27216753,0.78759766
724,803576.56,349807.44,318.6068,1.0,0.27199402,0.8859863
1430,802351.56,349507.44,309.65753,1.0,0.27193776,1.020874
2940,802506.2,349708.06,300.5625,1.0,0.27187032,1.7223206
2739,802501.56,348857.44,330.7785,1.0,0.2716279,0.9206848
987,803276.56,349682.44,307.35632,1.0,0.27156955,1.7330322
620,803151.56,349857.44,300.65625,1.0,0.27144277,0.9831238
627,803326.56,349857.44,304.6778,6.0,0.27140626,0.7347107
2055,802976.56,349282.44,323.89694,1.0,0.27129817,0.6618347
2436,802326.56,349107.44,323.1336,1.0,0.27127638,0.80911255
2776,802301.56,348807.44,326.32263,1.0,0.2711012,0.68011475
2758,802401.56,348832.44,324.64255,1.0,0.27074942,0.7914734
1890,801751.56,349332.44,349.39783,1.0,0.27026266,0.89297485
1607,803451.56,349457.44,324.01215,1.0,0.2702346,0.9246521
812,803526.56,349757.44,316.53168,1.0,0.27004158,0.8079529
455,802401.56,349932.44,305.96826,1.0,0.26984906,0.8381653
99,802901.56,350257.44,316.13318,1.0,0.26921976,0.8753052
2100,802251.56,349257.44,325.7493,1.0,0.26921484,0.76504517
2199,801801.56,349207.44,357.28152,1.0,0.2690645,0.69467163
1687,801701.56,349407.44,350.93704,1.0,0.268946,0.7812805
3130,802534.1,349150.38,314.4871,1.0,0.26888278,1.987793
2094,802101.56,349257.44,343.1601,1.0,0.26851758,0.89819336
2705,802251.56,348882.44,326.89075,1.0,0.26824224,0.92959595
755,802826.56,349782.44,316.91745,1.0,0.26822013,0.8735657
2040,802276.56,349282.44,321.74585,1.0,0.2681661,0.9034424
1925,802926.56,349332.44,318.59055,1.0,0.26811424,0.59155273
2387,802576.56,349132.44,320.98904,1.0,0.2680617,0.7812805
1440,802601.56,349507.44,317.03653,1.0,0.26771384,0.84814453
1757,801726.56,349382.44,348.56973,1.0,0.26756713,0.8547058
3587,802441.1,349294.22,314.36383,1.0,0.26741946,1.31073
2775,802276.56,348807.44,328.31998,1.0,0.26730284,0.6626587
1355,802201.56,349532.44,322.10138,1.0,0.26637018,0.9067688
1366,802476.56,349532.44,304.9849,1.0,0.26633567,1.4664307
967,802776.56,349682.44,317.41174,1.0,0.2659353,0.97509766
621,803176.56,349857.44,301.06067,1.0,0.26587763,0.7961731
419,802526.56,349957.44,297.10306,1.0,0.2658384,1.2990112
990,803351.56,349682.44,323.20877,1.0,0.26581275,1.0266113
2989,802938.1,349813.47,313.66592,2.0,0.2657588,0.91104126
1345,803751.56,349557.44,332.71777,1.0,0.2657008,0.3744812
1451,802976.56,349507.44,309.09048,3.0,0.26565814,0.67858887
2633,802076.56,348957.44,347.5231,3.0,0.26553893,0.7810669
3134,802483.75,349088.9,313.95453,1.0,0.2653377,2.522644
2671,802601.56,348932.44,334.70865,1.0,0.26529932,0.8927307
3596,802403.75,349240.94,315.11044,3.0,0.26527154,0.74786377
2638,802201.56,348957.44,331.3376,1.0,0.2652644,0.5811157
1361,802351.56,349532.44,308.28622,1.0,0.2652411,0.9587097
453,802351.56,349932.44,311.85925,1.0,0.26523232,0.786438
1516,802901.56,349482.44,314.37204,1.0,0.26505977,0.8315735
442,803276.56,349957.44,310.83243,1.0,0.2650232,0.85791016
3369,803290.25,350017.5,317.0918,1.0,0.26493785,0.7958069
2575,802626.56,349032.44,328.24585,1.0,0.2648275,0.8689575
683,803576.56,349832.44,319.29718,1.0,0.26438224,0.6654053
1568,802376.56,349457.44,309.80188,1.0,0.26429263,0.78515625
2056,803001.56,349282.44,323.96985,2.0,0.26390162,0.6422119
260,802876.56,350132.44,304.788,1.0,0.2636048,0.82751465
1972,802176.56,349307.44,333.23422,1.0,0.26350382,0.7988281
2209,802151.56,349207.44,342.3111,1.0,0.26342872,0.9026489
1823,801726.56,349357.44,350.61722,1.0,0.2631294,0.91311646
2620,802476.56,348982.44,318.98926,1.0,0.26290175,0.64315796
1970,802126.56,349307.44,338.79758,1.0,0.26271632,0.7762146
168,803126.56,350207.44,317.65033,4.0,0.26268336,0.87924194
964,802601.56,349682.44,311.37872,4.0,0.2625885,0.91204834
1643,802526.56,349432.44,310.07663,1.0,0.26248512,0.8731384
1892,801801.56,349332.44,346.3013,1.0,0.26241153,0.8956604
2726,802176.56,348857.44,338.7855,1.0,0.26229185,0.7725525
1898,801951.56,349332.44,350.08478,1.0,0.26227307,0.88586426
785,802351.56,349757.44,310.18637,1.0,0.26154813,0.86413574
402,803251.56,349982.44,313.6957,6.0,0.26147097,0.91571045
1467,803376.56,349507.44,324.8817,1.0,0.26144972,0.80062866
1089,802201.56,349632.44,322.89355,1.0,0.2610766,0.80178833
497,802326.56,349907.44,314.91742,1.0,0.26107565,0.77752686
1586,802926.56,349457.44,312.72235,1.0,0.2608703,0.851532
589,803576.56,349882.44,320.86823,1.0,0.26081488,0.7121887
1229,802476.56,349582.44,302.3509,1.0,0.26040852,0.8166199
2693,802576.56,348907.44,334.57828,1.0,0.25989595,0.88220215
605,802726.56,349857.44,301.9272,1.0,0.2598536,0.8770752
3243,802468.2,349101.47,314.96658,1.0,0.25944173,1.5046997
3242,802480.7,349116.97,314.03366,2.0,0.25915784,2.440979
951,802201.56,349682.44,328.13174,1.0,0.25900742,0.7572937
1655,802901.56,349432.44,315.95877,4.0,0.25894153,0.84384155
1562,802226.56,349457.44,323.9567,1.0,0.25890544,0.8490906
1090,802226.56,349632.44,321.08365,1.0,0.25879335,0.8229065
3377,803131.94,350026.03,305.7073,1.0,0.25870106,0.8227234
2437,802351.56,349107.44,320.50677,1.0,0.25869972,0.8137512
3098,802687.0,349700.03,308.54538,4.0,0.2585231,0.586792
2494,802526.56,349082.44,313.88763,1.0,0.25828952,2.5880127
1515,802876.56,349482.44,318.1652,1.0,0.2580984,0.72714233
1905,802126.56,349332.44,339.7608,1.0,0.25759748,0.80044556
389,802701.56,349982.44,297.81482,1.0,0.2575768,1.0136108
3264,802705.1,349948.62,298.3125,2.0,0.25757548,0.69155884
810,803476.56,349757.44,315.46182,1.0,0.25756845,0.8102112
1689,801751.56,349407.44,342.08398,1.0,0.25750062,0.79193115
534,803401.56,349907.44,309.66873,1.0,0.2567265,0.8305054
930,803476.56,349707.44,326.0103,1.0,0.25671875,0.80859375
891,802301.56,349707.44,314.28403,1.0,0.25658074,0.8041687
2609,802051.56,348982.44,352.94244,1.0,0.2564103,0.64953613
2714,802476.56,348882.44,324.49646,3.0,0.25593784,0.80996704
226,802901.56,350157.44,307.20218,1.0,0.25526413,0.79693604
2554,801976.56,349032.44,355.0962,1.0,0.25524995,0.6766968
492,803476.56,349932.44,318.3695,2.0,0.25483733,1.0263672
491,803451.56,349932.44,318.27444,1.0,0.25442004,0.96832275
1056,803276.56,349657.44,307.39597,1.0,0.25427097,1.6933899
784,802326.56,349757.44,313.94412,1.0,0.25414428,0.85110474
1415,801801.56,349507.44,339.05524,1.0,0.25408977,0.68478394
973,802926.56,349682.44,312.182,1.0,0.25401434,0.8454895
1521,803026.56,349482.44,312.12006,1.0,0.25398427,0.88409424
47,802876.56,350307.44,316.95462,3.0,0.25391415,0.855011
2485,802176.56,349082.44,340.37888,1.0,0.25379097,0.776062
3375,803171.1,350024.44,308.31796,3.0,0.25370082,0.7561035
547,802401.56,349882.44,307.8606,1.0,0.25356224,0.7697449
59,803176.56,350307.44,320.8826,1.0,0.2534996,0.7982483
501,802426.56,349907.44,302.9847,1.0,0.25319034,0.8251648
2931,802377.56,349566.9,305.29916,1.0,0.25290662,0.97824097
1495,802276.56,349482.44,317.45883,1.0,0.25287053,0.7045288
1936,803201.56,349332.44,322.78207,3.0,0.25244606,0.92077637
3240,802506.0,349147.88,312.44003,1.0,0.25212502,4.040619
3673,802364.2,349289.75,315.94736,1.0,0.25161543,0.54229736
3529,803071.4,350044.78,302.48514,1.0,0.25139317,0.66226196
3376,803151.3,350025.53,307.00586,1.0,0.2513834,0.82418823
626,803301.56,349857.44,303.94156,3.0,0.25129655,0.5643921
2974,803297.94,349749.0,311.91498,1.0,0.25100625,0.8652954
1576,802576.56,349457.44,318.33096,1.0,0.25085738,0.8505249
2576,802651.56,349032.44,330.81445,1.0,0.2507621,0.8521118
3149,802255.6,348922.0,323.38052,4.0,0.2507469,0.7192993
268,803076.56,350132.44,307.288,2.0,0.25064564,0.84921265
1635,802326.56,349432.44,316.56186,1.0,0.2506259,0.73349
2751,802226.56,348832.44,330.42065,1.0,0.250548,0.4913025
1703,802101.56,349407.44,333.37997,1.0,0.25049618,0.7677307
1575,802551.56,349457.44,311.67816,1.0,0.2504863,0.84957886
1909,802226.56,349332.44,323.47745,1.0,0.24980083,0.76309204
405,803326.56,349982.44,317.384,1.0,0.24962385,0.8216553
614,803001.56,349857.44,299.91708,1.0,0.24953473,0.79940796
1354,802176.56,349532.44,324.62723,3.0,0.24923992,0.8477478
2558,802076.56,349032.44,351.64093,1.0,0.24915625,0.8729248
1328,803326.56,349557.44,319.0258,1.0,0.24903065,0.8044739
161,802951.56,350207.44,319.06268,1.0,0.24769406,0.90097046
2702,802176.56,348882.44,337.59195,1.0,0.24752443,0.76394653
271,803151.56,350132.44,312.04898,1.0,0.24724172,0.9083252
58,803151.56,350307.44,320.8944,1.0,0.24720617,0.808197
1155,802176.56,349607.44,324.10452,1.0,0.24701853,0.802063
1867,803126.56,349357.44,318.12018,1.0,0.2469709,0.848938
655,802726.56,349832.44,303.89804,1.0,0.24690068,0.8468933
1382,802976.56,349532.44,309.23315,1.0,0.24686138,0.7733154
2572,802551.56,349032.44,323.6042,1.0,0.24682055,0.8374939
546,802376.56,349882.44,310.77402,1.0,0.246566,0.83969116
1585,802901.56,349457.44,315.16248,1.0,0.24650815,0.8598938
723,803551.56,349807.44,315.8999,1.0,0.24648152,0.8661194
3426,802944.4,350044.9,299.93988,1.0,0.24635796,0.5736389
612,802951.56,349857.44,301.367,1.0,0.2461392,0.7784424
3685,802164.75,349419.72,324.4692,1.0,0.24608798,0.6885376
1738,803251.56,349407.44,321.0776,2.0,0.24569736,0.801178
494,803526.56,349932.44,321.72754,1.0,0.24534407,1.0725098
2265,802201.56,349182.44,334.6847,1.0,0.24527416,0.8309021
833,802301.56,349732.44,315.29974,1.0,0.24514762,0.7303772
3435,803118.2,350066.06,304.79602,1.0,0.24498124,0.71868896
1395,803301.56,349532.44,313.3264,1.0,0.24489576,0.7908325
3371,803250.5,350019.8,314.2422,2.0,0.24478465,0.6502075
3595,802420.5,349230.3,315.12326,1.0,0.24459714,0.6975708
3684,802181.4,349408.84,323.44556,1.0,0.24455783,0.65649414
1926,802951.56,349332.44,318.6256,1.0,0.24451481,0.5649414
1020,802201.56,349657.44,326.01077,1.0,0.24429932,0.7789612
533,803376.56,349907.44,311.23026,1.0,0.24424815,0.7625427
927,803401.56,349707.44,324.7526,2.0,0.24408132,0.83691406
519,803026.56,349907.44,298.91263,1.0,0.24360014,0.8289795
2658,802151.56,348932.44,333.31903,1.0,0.24357916,0.5634155
1530,803251.56,349482.44,310.60507,4.0,0.24356686,0.6238098
1912,802476.56,349332.44,312.26645,2.0,0.24344948,0.9598999
3368,803310.1,350016.34,318.0564,1.0,0.24328135,0.7055359
2596,802476.56,349007.44,316.17114,3.0,0.2431673,0.561676
3348,803659.94,349874.97,325.6165,1.0,0.24285899,0.6967163
301,803001.56,350107.44,308.41833,1.0,0.2428387,0.83078
3265,802720.8,349961.62,298.49915,1.0,0.24264678,0.64556885
381,802501.56,349982.44,296.49924,1.0,0.24262552,1.5527344
3668,802448.0,349236.56,315.12665,1.0,0.24198043,0.69189453
3580,802324.2,349369.03,316.41382,1.0,0.24190716,0.7214966
1191,803251.56,349607.44,307.2166,1.0,0.24162231,1.8727417
1517,802926.56,349482.44,311.84473,3.0,0.24151553,0.6199341
535,803426.56,349907.44,311.04074,1.0,0.2414267,0.79574585
1615,803651.56,349457.44,330.817,1.0,0.24120936,0.54849243
2815,802251.56,348757.44,343.19022,2.0,0.24116567,0.6341858
1601,803301.56,349457.44,317.34076,2.0,0.24114056,0.8954468
2601,802601.56,349007.44,329.6095,1.0,0.2407471,0.82058716
1439,802576.56,349507.44,309.79016,5.0,0.240616,0.72021484
2636,802151.56,348957.44,333.3337,3.0,0.240577,0.5968628
1627,801926.56,349432.44,344.6118,1.0,0.24046862,0.63775635
1429,802326.56,349507.44,310.52307,2.0,0.24035947,0.77145386
1502,802451.56,349482.44,307.1229,1.0,0.24031274,0.8930054
2034,802126.56,349282.44,338.83072,1.0,0.24010493,0.7862854
718,803426.56,349807.44,309.5346,1.0,0.24003755,0.89590454
629,803376.56,349857.44,305.59183,1.0,0.23980498,0.57110596
137,803126.56,350232.44,319.76352,1.0,0.23976079,0.8182373
2680,802176.56,348907.44,334.8258,3.0,0.23974414,0.73321533
803,802951.56,349757.44,312.13947,2.0,0.23964876,0.84976196
1671,803301.56,349432.44,320.89426,1.0,0.2394916,0.91867065
844,802751.56,349732.44,309.71518,1.0,0.23905936,0.6465454
1109,802901.56,349632.44,315.88977,1.0,0.23890398,0.8312378
543,802301.56,349882.44,316.48672,1.0,0.2388711,0.7218628
2440,802526.56,349107.44,313.6179,1.0,0.23883766,2.860199
3688,802114.94,349452.34,328.02557,1.0,0.23854041,0.6529846
536,803451.56,349907.44,313.0983,2.0,0.23853931,0.9064026
1164,802476.56,349607.44,301.60745,1.0,0.23843676,0.9215088
740,802351.56,349782.44,312.1811,2.0,0.23833591,0.80093384
1287,802201.56,349557.44,319.53726,1.0,0.23830003,0.58499146
2597,802501.56,349007.44,317.29523,1.0,0.23807903,0.7089844
3689,802098.3,349463.22,329.16183,1.0,0.23801237,0.64974976
922,803276.56,349707.44,308.3933,1.0,0.2379994,0.74069214
334,802901.56,350082.44,301.4087,1.0,0.23772289,0.7293396
2717,802551.56,348882.44,334.16397,1.0,0.23761432,0.81518555
965,802726.56,349682.44,311.663,1.0,0.23750007,0.69158936
2681,802201.56,348907.44,332.86072,1.0,0.23735985,0.74264526
61,803226.56,350307.44,319.67072,1.0,0.23734763,0.8473511
1791,802901.56,349382.44,318.379,1.0,0.23733945,0.6218872
37,803176.56,350332.44,326.7842,1.0,0.23732443,0.7324524
1434,802451.56,349507.44,306.22287,1.0,0.23726214,1.1496582
1498,802351.56,349482.44,310.38766,1.0,0.23717101,0.645813
1021,802226.56,349657.44,323.65015,1.0,0.23701912,0.75460815
1779,802476.56,349382.44,309.27814,1.0,0.23671369,0.88934326
2679,802151.56,348907.44,336.58005,2.0,0.23664731,0.73587036
2602,802626.56,349007.44,331.76672,1.0,0.23655835,0.8146057
1286,802176.56,349557.44,322.74792,1.0,0.23651434,0.7949829
2959,802521.0,349694.6,300.59436,1.0,0.23645517,1.6899414
3573,802208.0,349445.2,323.1355,2.0,0.23629938,0.94403076
3144,802344.0,348945.56,320.57574,1.0,0.23615614,0.5528259
748,802651.56,349782.44,305.0144,1.0,0.23610917,0.64575195
2531,802126.56,349057.44,345.71533,1.0,0.23589943,0.723114
1518,802951.56,349482.44,311.38358,1.0,0.23571198,0.8553467
385,802601.56,349982.44,295.2491,1.0,0.2355732,1.1591187
704,802726.56,349807.44,306.12375,1.0,0.23543037,0.7555237
3588,802457.9,349283.56,314.9884,6.0,0.23542139,0.72332764
1242,802901.56,349582.44,315.87155,1.0,0.2351711,0.85824585
703,802701.56,349807.44,305.04044,1.0,0.23502652,0.6578369
776,802126.56,349757.44,335.46906,5.0,0.2347302,0.80963135
2372,802076.56,349132.44,349.39267,2.0,0.23466979,0.82110596
1279,801826.56,349557.44,338.92093,1.0,0.23464242,0.61343384
1360,802326.56,349532.44,309.18777,1.0,0.23455448,0.7185974
2078,801701.56,349257.44,357.7389,1.0,0.2341845,0.40795898
846,802801.56,349732.44,317.53162,2.0,0.23405477,0.70217896
660,802851.56,349832.44,311.239,1.0,0.2339672,0.7796936
36,803151.56,350332.44,326.78705,1.0,0.23389946,0.73098755
1520,803001.56,349482.44,309.7822,1.0,0.23361649,0.5805664
1826,801801.56,349357.44,342.89526,1.0,0.23361617,0.7734375
1042,802926.56,349657.44,310.1271,1.0,0.2335129,0.74624634
2093,802076.56,349257.44,349.94342,1.0,0.23238043,0.6925354
2041,802301.56,349282.44,319.1753,2.0,0.23228368,0.77212524
3526,803131.94,350046.03,305.7363,1.0,0.23225845,0.78671265
1470,803451.56,349507.44,324.75,2.0,0.23173311,0.8009949
750,802701.56,349782.44,307.0001,4.0,0.23142073,0.5079956
1433,802426.56,349507.44,307.0267,1.0,0.23133704,0.81073
473,803001.56,349932.44,299.1296,1.0,0.23127294,0.56637573
3436,803138.06,350065.97,306.12265,3.0,0.23115635,0.6753845
1906,802151.56,349332.44,332.4235,1.0,0.23108676,0.6109619
234,803101.56,350157.44,314.03824,1.0,0.2309945,0.7671509
1223,802251.56,349582.44,315.60733,2.0,0.23082435,0.7374878
834,802326.56,349732.44,311.7735,1.0,0.23076439,0.75183105
1362,802376.56,349532.44,306.868,2.0,0.2306617,0.80270386
1825,801776.56,349357.44,343.98785,1.0,0.22997372,0.7101135
115,803301.56,350257.44,322.06302,1.0,0.22986616,0.7889099
3013,802969.6,349829.16,305.54147,1.0,0.2295578,0.71939087
1939,803276.56,349332.44,325.2561,1.0,0.22950204,0.73394775
2968,803421.5,349751.56,318.1097,1.0,0.22944964,0.6967468
1610,803526.56,349457.44,328.51584,13.0,0.22909436,0.6893616
1022,802251.56,349657.44,320.73874,1.0,0.22908355,0.84124756
425,802676.56,349957.44,297.95996,1.0,0.22893831,0.853302
1713,802526.56,349407.44,311.73492,1.0,0.22880137,0.8462219
1669,803251.56,349432.44,317.71463,1.0,0.22869961,0.6220703
1844,802426.56,349357.44,310.3504,2.0,0.22829053,0.7298889
2677,802101.56,348907.44,344.81668,1.0,0.22828504,0.8378296
1448,802901.56,349507.44,313.57507,1.0,0.2282687,0.76309204
2594,802301.56,349007.44,324.44174,1.0,0.22792718,0.7145996
502,802451.56,349907.44,301.18665,1.0,0.22789712,0.6298218
82,803126.56,350282.44,324.09286,1.0,0.22786675,0.71261597
1222,802226.56,349582.44,317.16675,1.0,0.2276773,0.7406616
702,802676.56,349807.44,304.08307,1.0,0.22754319,0.6537781
396,803101.56,349982.44,304.81915,1.0,0.22723593,0.79244995
1736,803201.56,349407.44,317.7074,1.0,0.22695108,0.80148315
452,803701.56,349957.44,328.931,1.0,0.22677949,0.5768738
762,803476.56,349782.44,312.78165,1.0,0.22667652,0.70355225
2839,802376.56,348732.44,333.57153,1.0,0.2266725,0.7746887
1490,801951.56,349482.44,341.62006,1.0,0.22659051,0.79556274
1427,802276.56,349507.44,315.62076,1.0,0.22645469,0.65478516
2574,802601.56,349032.44,326.5933,1.0,0.22644266,0.77075195
3523,803192.1,350043.25,310.09897,1.0,0.22611968,0.7068176
1589,803001.56,349457.44,312.04468,1.0,0.22577755,0.7558594
3671,802397.7,349268.47,315.3777,1.0,0.22545893,0.62332153
1748,803501.56,349407.44,328.94827,1.0,0.2254324,0.74142456
3686,802148.1,349430.6,325.64655,1.0,0.224535,0.6482544
3121,802653.06,349283.53,323.48727,1.0,0.22445565,0.4666748
3524,803172.25,350044.4,308.47128,2.0,0.22441433,0.74176025
766,803576.56,349782.44,318.71387,1.0,0.22436567,0.870697
2549,802701.56,349057.44,331.09576,1.0,0.22415924,0.78552246
3692,802048.5,349495.88,332.40613,1.0,0.2236107,0.63442993
3683,802197.94,349397.97,322.04535,1.0,0.22358961,0.583374
3122,802639.44,349269.03,322.9821,3.0,0.22355528,0.63723755
2491,802326.56,349082.44,324.87344,1.0,0.22341897,0.7487793
2727,802201.56,348857.44,333.16992,2.0,0.22329444,0.6633301
3014,802946.25,349837.16,307.78946,1.0,0.22322163,0.7584839
2092,802051.56,349257.44,351.48297,4.0,0.22320265,0.7113037
1858,802901.56,349357.44,318.78314,1.0,0.2228938,0.511322
1110,802926.56,349632.44,309.0184,1.0,0.2228893,0.7330322
588,803551.56,349882.44,319.0401,3.0,0.22260901,0.77349854
2993,803421.0,349776.56,313.48264,1.0,0.22252077,0.6539917
225,802876.56,350157.44,306.1578,1.0,0.22242689,0.7199402
307,803151.56,350107.44,310.2045,1.0,0.22242472,0.7567749
954,802276.56,349682.44,317.2018,1.0,0.22232176,0.59976196
3690,802081.75,349474.12,330.36203,1.0,0.22212905,0.6062012
293,802801.56,350107.44,302.18808,2.0,0.22186571,0.6970825
2703,802201.56,348882.44,334.62332,1.0,0.22184855,0.70022583
40,803251.56,350332.44,324.24002,1.0,0.22179216,0.9270935
415,802426.56,349957.44,305.3119,1.0,0.22136667,0.80636597
98,802876.56,350257.44,311.59418,1.0,0.22075891,0.7304077
631,803426.56,349857.44,306.971,1.0,0.22066632,0.6845703
152,802726.56,350207.44,297.54858,1.0,0.22062479,0.743042
2971,803372.06,349750.53,317.60202,1.0,0.22056891,0.86605835
3691,802065.1,349485.0,331.43234,2.0,0.22052957,0.5940552
1675,803401.56,349432.44,323.45676,2.0,0.22045764,0.5889282
972,802901.56,349682.44,317.63376,1.0,0.22045058,0.73376465
2543,802551.56,349057.44,319.47134,1.0,0.22019862,0.7598572
2618,802426.56,348982.44,319.1181,1.0,0.22016941,0.5755615
3008,803077.9,349798.7,303.68045,1.0,0.22001946,0.744751
1670,803276.56,349432.44,318.8622,1.0,0.21987715,0.76760864
630,803401.56,349857.44,305.98636,4.0,0.21980098,0.5392761
1372,802626.56,349532.44,320.0358,1.0,0.2194738,0.41464233
1059,803351.56,349657.44,324.0121,1.0,0.21934068,0.6459961
538,803501.56,349907.44,316.49167,1.0,0.2192938,0.7701721
1960,801876.56,349307.44,349.2806,3.0,0.21928908,0.729126
2734,802376.56,348857.44,323.06494,1.0,0.21916829,0.78582764
2255,801826.56,349182.44,357.33038,1.0,0.21903639,0.6324463
1674,803376.56,349432.44,322.57764,1.0,0.2190243,0.66900635
1166,802526.56,349607.44,305.39703,1.0,0.21888688,0.63113403
2821,802401.56,348757.44,335.91302,1.0,0.2187257,0.75564575
1608,803476.56,349457.44,325.8772,1.0,0.21871926,0.512146
890,802276.56,349707.44,317.73132,1.0,0.21845782,0.5699158
1357,802251.56,349532.44,316.76382,1.0,0.218127,0.66259766
656,802751.56,349832.44,307.2333,1.0,0.2178779,0.9046936
116,803326.56,350257.44,324.52686,1.0,0.2178728,0.74450684
2987,802985.0,349797.56,311.6492,1.0,0.21767132,0.74780273
1171,802651.56,349607.44,317.30087,1.0,0.21755138,0.6304016
1957,801801.56,349307.44,349.89017,1.0,0.2172273,0.74334717
2267,802251.56,349182.44,327.91245,1.0,0.217168,0.6871033
926,803376.56,349707.44,326.25894,4.0,0.21715677,0.7463379
2569,802476.56,349032.44,314.4341,1.0,0.2171314,2.035675
1221,802201.56,349582.44,319.04514,1.0,0.21704796,0.75268555
2096,802151.56,349257.44,338.58344,1.0,0.21704297,0.5514221
3693,802031.94,349506.75,333.36893,1.0,0.21694767,0.591095
2988,802961.56,349805.5,311.6492,1.0,0.21686842,0.73565674
1167,802551.56,349607.44,308.96524,1.0,0.2168469,0.7228699
1156,802201.56,349607.44,319.0419,1.0,0.21683337,0.70962524
1312,802926.56,349557.44,310.782,1.0,0.21682748,0.6405029
811,803501.56,349757.44,315.53287,1.0,0.21642862,0.81741333
218,802701.56,350157.44,296.1659,1.0,0.2161014,0.6994324
3682,802214.56,349387.1,321.3224,1.0,0.2159757,0.59677124
2151,802076.56,349232.44,350.75623,4.0,0.21594112,0.6958618
663,803076.56,349832.44,299.34976,1.0,0.21590875,0.6680603
153,802751.56,350207.44,302.31946,2.0,0.21569937,0.81500244
950,802176.56,349682.44,331.07495,1.0,0.21567327,0.49111938
1095,802351.56,349632.44,305.03406,1.0,0.21540187,0.7349243
682,803551.56,349832.44,312.11865,1.0,0.21531394,0.67507935
2323,802226.56,349157.44,332.38745,1.0,0.21527554,0.69628906
3618,802037.56,349479.16,332.4076,2.0,0.21526983,0.63256836
63,803276.56,350307.44,324.24258,1.0,0.21525653,0.7528076
1952,801676.56,349307.44,357.76108,1.0,0.2151636,0.37832642
3434,803098.3,350066.12,303.58368,1.0,0.21510878,0.66348267
308,803176.56,350107.44,311.4113,1.0,0.21500987,0.68240356
2442,802576.56,349107.44,321.2525,4.0,0.21499781,0.70666504
3378,803112.0,350026.1,304.50067,1.0,0.2148962,0.7819519
440,803226.56,349957.44,308.1154,1.0,0.21476582,0.73376465
767,803601.56,349782.44,320.56,1.0,0.21460542,0.74420166
3017,802869.56,349847.2,307.71063,1.0,0.21405931,0.7873535
2319,802126.56,349157.44,348.03513,1.0,0.2138817,0.72442627
1227,802351.56,349582.44,306.698,1.0,0.21384607,0.8010254
2683,802326.56,348907.44,321.13846,2.0,0.2137633,0.572876
310,803226.56,350107.44,315.1602,1.0,0.21350822,0.72247314
2207,802101.56,349207.44,349.88834,2.0,0.21347466,0.75857544
2801,802401.56,348782.44,332.70178,1.0,0.21344197,0.74694824
1938,803251.56,349332.44,324.26492,4.0,0.21316792,0.6581421
272,803176.56,350132.44,312.70203,2.0,0.213082,0.563324
797,802801.56,349757.44,316.56525,1.0,0.21303447,0.69174194
792,802676.56,349757.44,307.82016,1.0,0.21299462,0.5623779
3572,802191.4,349456.06,324.03146,1.0,0.21298458,0.66278076
3570,802158.2,349477.8,326.5855,1.0,0.21269698,0.7276306
851,802926.56,349732.44,315.63858,1.0,0.21226917,0.7055359
3099,802699.3,349684.34,309.6953,1.0,0.21216826,0.60531616
2706,802276.56,348882.44,323.28958,1.0,0.21210462,0.58602905
783,802301.56,349757.44,316.9705,1.0,0.21171345,0.7295532
2496,802576.56,349082.44,321.67496,2.0,0.2116852,0.6040039
2019,801751.56,349282.44,357.4408,1.0,0.21168487,0.5328064
2728,802226.56,348857.44,329.969,1.0,0.21154588,0.6060791
1491,801976.56,349482.44,338.62384,1.0,0.2115164,0.7557678
2433,802251.56,349107.44,328.6895,1.0,0.21143872,0.7018738
2957,802495.25,349666.34,300.6261,1.0,0.2113439,1.6564331
741,802376.56,349782.44,307.68015,1.0,0.2112482,0.7322693
765,803551.56,349782.44,316.29913,1.0,0.21118851,0.67303467
3687,802131.56,349441.47,326.83722,1.0,0.21110463,0.58895874
2577,802676.56,349032.44,332.9856,1.0,0.21107486,0.7242737
165,803051.56,350207.44,317.66113,6.0,0.2108778,0.72036743
2311,801826.56,349157.44,356.3533,4.0,0.21074194,0.7108154
3679,802264.4,349354.44,318.95056,2.0,0.21062076,0.57199097
2262,802126.56,349182.44,348.71158,2.0,0.21059623,0.72817993
448,803426.56,349957.44,321.1411,1.0,0.21059333,0.74954224
3569,802141.56,349488.7,327.7545,2.0,0.21047737,0.7005615
200,803101.56,350182.44,316.31546,3.0,0.21042494,0.7029724
1894,801851.56,349332.44,347.42105,2.0,0.21037975,0.71765137
869,803526.56,349732.44,319.07394,1.0,0.21028371,0.6667175
2381,802301.56,349132.44,324.43204,1.0,0.21024264,0.6836548
3571,802174.8,349466.94,325.41492,1.0,0.21018225,0.769104
1879,803426.56,349357.44,327.60037,1.0,0.21000217,0.72613525
908,802926.56,349707.44,313.55182,1.0,0.2097915,0.70843506
1672,803326.56,349432.44,321.48044,4.0,0.20971136,0.57092285
1895,801876.56,349332.44,346.09576,1.0,0.20955224,0.6838379
186,802751.56,350182.44,300.41776,1.0,0.20926173,0.6496887
3373,803210.8,350022.12,311.6776,2.0,0.2091814,0.8607483
777,802151.56,349757.44,330.48807,1.0,0.20911044,0.7767334
1161,802326.56,349607.44,308.93054,1.0,0.20868237,0.8482666
2382,802326.56,349132.44,321.9748,2.0,0.20867532,0.8019409
3522,803212.0,350042.1,311.65216,1.0,0.20852838,0.66226196
2998,803322.1,349774.5,311.06073,1.0,0.2084297,0.7097473
2268,802276.56,349182.44,325.33725,1.0,0.20827435,0.6717529
3372,803230.7,350020.97,312.75482,2.0,0.20814416,0.6774597
3040,802275.1,348962.06,321.51465,1.0,0.20801906,0.45129395
1969,802101.56,349307.44,348.63516,1.0,0.2080122,0.7135925
889,802251.56,349707.44,322.06723,1.0,0.20784637,0.695282
3609,802187.0,349381.22,322.04535,1.0,0.20768182,0.48770142
2102,802301.56,349257.44,319.7758,1.0,0.20757884,0.6217041
628,803351.56,349857.44,305.16425,1.0,0.20750508,0.5215454
2840,802401.56,348732.44,337.77374,1.0,0.20749201,0.7056885
2548,802676.56,349057.44,328.5759,1.0,0.20742875,0.7060852
3525,803152.3,350045.5,307.0211,2.0,0.20734067,0.6872864
2541,802501.56,349057.44,314.1409,1.0,0.20728038,2.3322754
1961,801901.56,349307.44,349.29156,1.0,0.20712183,0.6927185
2264,802176.56,349182.44,339.8822,1.0,0.2070676,0.73275757
635,803526.56,349857.44,310.4608,1.0,0.20699225,0.6862793
2163,802376.56,349232.44,316.5417,1.0,0.20669883,0.61257935
2266,802226.56,349182.44,331.4338,1.0,0.2066659,0.7017822
1353,802151.56,349532.44,328.10477,1.0,0.20665075,0.6802368
127,802876.56,350232.44,309.8837,1.0,0.2065488,0.65496826
2635,802126.56,348957.44,334.18747,1.0,0.2064198,0.53778076
296,802876.56,350107.44,303.33316,1.0,0.20638384,0.84490967
1777,802426.56,349382.44,309.8094,1.0,0.20626773,0.8331604
2441,802551.56,349107.44,316.20444,1.0,0.20625876,0.7770386
540,803551.56,349907.44,321.7395,1.0,0.20623356,0.9307556
903,802801.56,349707.44,319.52756,1.0,0.20622393,0.6104431
403,803276.56,349982.44,314.53632,1.0,0.20607086,0.6307068
609,802826.56,349857.44,301.53534,1.0,0.20603168,0.66241455
411,803676.56,349982.44,328.95078,3.0,0.20588498,0.55374146
2684,802351.56,348907.44,320.7829,1.0,0.20570004,0.62945557
222,802801.56,350157.44,304.3358,1.0,0.2056891,0.63974
2639,802226.56,348957.44,326.96994,1.0,0.20551792,0.7484436
3680,802247.75,349365.3,319.69025,4.0,0.20539269,0.5835571
3621,801987.75,349511.78,334.745,1.0,0.20521909,0.59121704
1537,803426.56,349482.44,322.66592,1.0,0.2051844,0.5506592
65,803326.56,350307.44,326.80084,1.0,0.20512775,0.7095032
2000,803201.56,349307.44,324.2454,1.0,0.205091,0.73657227
1002,803651.56,349682.44,326.609,1.0,0.20496367,0.7413025
1922,802851.56,349332.44,322.01688,1.0,0.20484695,0.5982361
1807,803301.56,349382.44,323.77713,1.0,0.2047105,0.6930847
1358,802276.56,349532.44,314.29416,1.0,0.20464182,0.4868164
1590,803026.56,349457.44,315.16235,1.0,0.20463838,0.73724365
1381,802951.56,349532.44,309.5494,1.0,0.20452605,0.64038086
3646,802147.25,349461.1,326.5855,1.0,0.20447488,0.7140503
1709,802426.56,349407.44,308.5216,1.0,0.20443116,0.8668213
2651,801976.56,348932.44,353.1884,1.0,0.20441444,0.6963806
739,802326.56,349782.44,315.44165,1.0,0.20426951,0.689209
1522,803051.56,349482.44,315.29013,1.0,0.20420304,0.7306824
191,802876.56,350182.44,307.0484,1.0,0.20389284,0.639801
481,803201.56,349932.44,305.36783,1.0,0.203755,0.6545105
3681,802231.1,349376.2,320.46622,1.0,0.20366909,0.57858276
2593,802276.56,349007.44,324.48175,1.0,0.20347726,0.7038574
2992,802869.56,349822.2,314.4223,1.0,0.20337585,0.7324219
3575,802241.2,349423.4,320.38718,2.0,0.20318197,0.59902954
315,803351.56,350107.44,323.61642,2.0,0.20302229,0.7290344
813,803551.56,349757.44,317.9473,1.0,0.20294988,0.70803833
478,803126.56,349932.44,303.92075,1.0,0.20274967,0.49798584
1454,803051.56,349507.44,310.46545,1.0,0.20245649,0.6688843
2277,802626.56,349182.44,323.83392,1.0,0.20235868,0.61764526
2973,803322.6,349749.53,314.60956,1.0,0.20209749,0.7286682
2115,802926.56,349257.44,323.39816,1.0,0.20203605,0.6639099
433,803051.56,349957.44,301.41797,1.0,0.20194301,0.5961609
1861,802976.56,349357.44,318.55524,1.0,0.20189163,0.5301819
3617,802054.2,349468.25,331.57074,1.0,0.20161663,0.62353516
1297,802451.56,349557.44,303.0175,1.0,0.20145364,0.7069092
714,803326.56,349807.44,307.01062,1.0,0.2014433,0.69714355
2937,802467.6,349665.72,300.63232,1.0,0.20141317,1.6499634
693,802351.56,349807.44,313.42007,1.0,0.20139918,0.67370605
1871,803226.56,349357.44,321.77045,1.0,0.20137998,0.6312561
489,803401.56,349932.44,313.47507,1.0,0.20125407,0.5343933
484,803276.56,349932.44,306.85767,1.0,0.20119326,0.65756226
256,802776.56,350132.44,301.18915,1.0,0.20112959,0.63290405
3584,802390.9,349326.12,312.4719,1.0,0.20086251,0.89001465
499,802376.56,349907.44,309.6072,1.0,0.20083709,0.52630615
681,803526.56,349832.44,310.4703,1.0,0.20076722,0.6954956
1295,802401.56,349557.44,303.77713,1.0,0.20033795,0.53652954
539,803526.56,349907.44,318.20328,1.0,0.2003265,0.8076782
852,802951.56,349732.44,309.86084,1.0,0.19976294,0.653656
1550,801751.56,349457.44,340.07642,1.0,0.19971535,0.6354065
884,802126.56,349707.44,334.3637,1.0,0.19967735,0.66882324
3647,802163.8,349450.22,325.39737,1.0,0.1996668,0.6926575
2158,802251.56,349232.44,326.10748,2.0,0.19947752,0.6272888
2708,802326.56,348882.44,321.5006,1.0,0.19933173,0.47372437
3286,803118.25,350086.06,305.24637,1.0,0.19896962,0.4593811
3678,802280.94,349343.56,318.30057,2.0,0.19873883,0.5544739
786,802376.56,349757.44,306.03546,2.0,0.1985887,0.6555176
2536,802251.56,349057.44,331.2217,1.0,0.1984945,0.66748047
1728,803001.56,349407.44,317.08194,1.0,0.19831443,0.7319946
571,803126.56,349882.44,300.64767,1.0,0.19819205,0.8676758
1676,803426.56,349432.44,324.29138,6.0,0.19806269,0.5980835
3012,802993.0,349821.25,304.72052,1.0,0.19801632,0.67611694
1096,802376.56,349632.44,303.54187,1.0,0.19784757,0.57055664
1747,803476.56,349407.44,326.9133,1.0,0.1978295,0.5543213
2214,802276.56,349207.44,323.08188,3.0,0.19781418,0.6340332
1310,802876.56,349557.44,317.9866,1.0,0.1976623,0.69680786
728,803676.56,349807.44,328.41553,1.0,0.19764733,0.5473938
302,803026.56,350107.44,307.51035,1.0,0.1976324,0.69329834
907,802901.56,349707.44,318.57983,1.0,0.19718933,0.65335083
493,803501.56,349932.44,319.10825,1.0,0.19716465,0.5899658
121,803451.56,350257.44,330.18973,1.0,0.19704698,0.66619873
1364,802426.56,349532.44,305.19266,1.0,0.19672732,0.82943726
814,803576.56,349757.44,319.71194,1.0,0.19658494,0.675354
335,802926.56,350082.44,302.5162,2.0,0.19649512,0.6540222
3574,802224.6,349434.3,322.15738,1.0,0.19643442,0.75619507
2322,802201.56,349157.44,336.4147,1.0,0.19622593,0.6040039
2002,803251.56,349307.44,325.7929,1.0,0.19618253,0.59368896
1975,802251.56,349307.44,322.3639,1.0,0.19617495,0.7573242
2608,802026.56,348982.44,353.7706,1.0,0.19616792,0.5435791
467,802851.56,349932.44,298.71875,9.0,0.19603558,0.7411194
3239,802518.75,349163.2,314.60385,2.0,0.19597499,1.8751526
397,803126.56,349982.44,306.30777,1.0,0.19594546,0.7196655
654,802701.56,349832.44,302.3734,1.0,0.19588289,0.61712646
2682,802226.56,348907.44,329.58868,1.0,0.19583942,0.6184387
447,803401.56,349957.44,318.39404,1.0,0.19582728,0.79016113
2800,802376.56,348782.44,329.31128,1.0,0.19580945,0.76168823
457,802451.56,349932.44,302.13782,1.0,0.19579731,0.51815796
768,803626.56,349782.44,321.91537,4.0,0.19579434,0.6599426
1784,802601.56,349382.44,320.11633,1.0,0.1957016,0.6683655
3521,803231.8,350040.94,313.2483,1.0,0.19566089,0.6018982
2497,802601.56,349082.44,323.19638,1.0,0.1956027,0.64907837
1378,802876.56,349532.44,317.99332,8.0,0.19552113,0.70669556
1637,802376.56,349432.44,309.74005,1.0,0.19546837,0.5902405
3608,802203.56,349370.34,321.4949,1.0,0.19545619,0.5063782
1326,803276.56,349557.44,308.53006,1.0,0.19544579,0.65463257
1380,802926.56,349532.44,310.83612,1.0,0.19540423,0.6812744
2053,802926.56,349282.44,322.53326,2.0,0.19539541,0.71884155
1092,802276.56,349632.44,316.6428,3.0,0.1953926,0.8225403
57,803126.56,350307.44,324.12537,1.0,0.19539252,0.66955566
2270,802326.56,349182.44,322.33224,1.0,0.1953591,0.5350952
2733,802351.56,348857.44,324.68835,1.0,0.19520599,0.7071228
49,802926.56,350307.44,320.21594,3.0,0.19512148,0.6561279
1041,802901.56,349657.44,316.18326,1.0,0.19511124,0.64920044
545,802351.56,349882.44,313.75757,1.0,0.19504485,0.7028198
384,802576.56,349982.44,294.79868,1.0,0.19501358,1.0397644
3645,802130.6,349471.97,327.77756,2.0,0.19483235,0.732605
3124,802612.2,349240.0,320.86313,1.0,0.19479927,0.7208557
1244,802951.56,349582.44,308.11935,1.0,0.19477952,0.9699707
420,802551.56,349957.44,298.1524,1.0,0.19476667,1.189148
3696,801982.1,349539.38,335.23056,1.0,0.19463454,0.49938965
441,803251.56,349957.44,309.81168,1.0,0.1944842,0.74786377
1424,802201.56,349507.44,325.06747,1.0,0.1944755,0.57702637
3527,803112.06,350046.1,304.47876,2.0,0.19435251,0.6598816
202,803151.56,350182.44,313.2466,1.0,0.19429512,0.5161438
997,803526.56,349682.44,325.19965,1.0,0.19427781,0.66552734
3644,802114.0,349482.84,328.87292,1.0,0.19425234,0.7151489
974,802951.56,349682.44,307.90945,1.0,0.19409832,1.1798401
3201,802597.6,349745.78,303.43924,1.0,0.19405326,0.57333374
2762,802501.56,348832.44,333.8209,1.0,0.19400853,0.6681824
312,803276.56,350107.44,317.4471,1.0,0.1939671,0.46627808
157,802851.56,350207.44,308.02527,1.0,0.19390504,0.6229553
3576,802257.8,349412.53,320.366,2.0,0.19387409,0.6960144
3581,802340.8,349358.16,315.40073,1.0,0.19385806,0.63797
2902,802301.56,348632.44,344.25177,1.0,0.19374388,0.6040344
236,803151.56,350157.44,312.8293,1.0,0.19370517,0.7571106
1755,801676.56,349382.44,355.7584,1.0,0.19365723,0.4758606
1710,802451.56,349407.44,308.39377,1.0,0.1935226,0.6913147
3695,801998.7,349528.5,334.72366,1.0,0.19347158,0.54455566
2888,802326.56,348657.44,343.51566,1.0,0.19309127,0.5705261
3367,803329.94,350015.16,318.99097,1.0,0.1930551,0.61932373
611,802876.56,349857.44,304.09714,1.0,0.19305271,0.6470032
221,802776.56,350157.44,302.12732,2.0,0.19304816,0.6126709
525,803176.56,349907.44,302.72083,1.0,0.19303346,0.65234375
828,802176.56,349732.44,329.3089,1.0,0.19301726,0.73583984
266,803026.56,350132.44,312.99207,1.0,0.19289553,0.55810547
3279,802977.6,350075.0,301.56055,2.0,0.192728,0.64749146
3694,802015.3,349517.62,334.01404,1.0,0.19268858,0.52630615
3594,802437.25,349219.66,315.17706,1.0,0.19261332,0.6403198
2430,802176.56,349107.44,341.4224,2.0,0.19252908,0.65356445
2740,802526.56,348857.44,333.88998,1.0,0.1923981,0.66641235
596,802376.56,349857.44,311.67746,1.0,0.1923138,0.70977783
114,803276.56,350257.44,319.8682,2.0,0.19230124,0.6277466
1673,803351.56,349432.44,321.98352,1.0,0.1922583,0.6144104
3650,802213.6,349417.56,322.15738,1.0,0.19201997,0.6885071
395,803076.56,349982.44,303.25122,1.0,0.19198002,0.625
3675,802330.75,349311.03,316.7916,2.0,0.19188426,0.51586914
205,803226.56,350182.44,315.3529,1.0,0.19166134,0.50994873
1712,802501.56,349407.44,309.6744,1.0,0.1915888,0.68826294
2715,802501.56,348882.44,326.0754,1.0,0.1914761,0.64990234
3672,802380.94,349279.1,315.54706,1.0,0.19100365,0.6608887
1705,802326.56,349407.44,317.06335,1.0,0.19088376,0.5539551
1493,802226.56,349482.44,324.41174,5.0,0.1908654,0.59072876
3294,803277.75,350078.3,317.03006,1.0,0.19084287,0.54629517
41,803276.56,350332.44,326.53818,4.0,0.19079886,0.7088928
689,802251.56,349807.44,322.06363,3.0,0.19064772,0.4562683
1880,803451.56,349357.44,328.79214,5.0,0.19064613,0.70492554
1654,802876.56,349432.44,318.36386,1.0,0.1905944,0.63830566
953,802251.56,349682.44,321.29507,1.0,0.19045891,0.51660156
1706,802351.56,349407.44,311.44287,1.0,0.19038886,0.59658813
3136,802458.75,349057.9,314.49017,1.0,0.19029875,1.9793091
486,803326.56,349932.44,312.16293,1.0,0.19016828,0.70803833
352,803576.56,350057.44,325.44785,1.0,0.19012612,0.59072876
760,802951.56,349782.44,313.69943,1.0,0.19000323,0.61486816
1964,801976.56,349307.44,351.7212,1.0,0.18984535,0.6351013
3520,803251.7,350039.78,314.76193,3.0,0.18981771,0.6084595
2495,802551.56,349082.44,316.598,1.0,0.18979761,0.48190308
1313,802951.56,349557.44,308.8578,1.0,0.1896092,0.5474243
1782,802551.56,349382.44,314.96698,1.0,0.18916722,0.58987427
2023,801851.56,349282.44,353.282,1.0,0.18900983,0.6682129
3698,801948.9,349561.16,336.57816,1.0,0.18886407,0.5465698
2213,802251.56,349207.44,327.1019,2.0,0.1887081,0.64730835
2562,802176.56,349032.44,334.17715,1.0,0.18868633,0.59265137
2487,802226.56,349082.44,332.55795,1.0,0.18847892,0.58288574
3624,801937.94,349544.4,336.58353,1.0,0.18844028,0.5628662
1628,801951.56,349432.44,347.67468,1.0,0.18840913,0.52319336
1891,801776.56,349332.44,346.91757,1.0,0.18830091,0.4381714
3583,802374.06,349336.75,313.32404,1.0,0.18812469,0.6673584
3437,803157.44,350065.3,307.59723,1.0,0.18812098,0.6016846
3585,802407.6,349315.47,313.01672,1.0,0.18811746,0.7298279
2990,802915.8,349819.78,314.49393,1.0,0.18810026,0.5874634
831,802251.56,349732.44,322.61005,1.0,0.18795735,0.57315063
523,803126.56,349907.44,303.21866,1.0,0.18793558,0.63168335
1033,802601.56,349657.44,314.92407,1.0,0.1878036,0.7023926
923,803301.56,349707.44,312.16147,3.0,0.18779416,0.6491089
357,802676.56,350032.44,297.9344,1.0,0.18774405,0.6736145
958,802376.56,349682.44,304.50818,2.0,0.18770687,0.5407715
2783,802476.56,348807.44,332.74408,5.0,0.18765154,0.6412964
257,802801.56,350132.44,303.17844,3.0,0.18756989,0.5977173
2429,802151.56,349107.44,343.44208,1.0,0.18755576,0.6404419
1896,801901.56,349332.44,346.12018,1.0,0.18751924,0.65737915
1257,803276.56,349582.44,308.53464,1.0,0.18747513,0.6105652
444,803326.56,349957.44,315.09985,1.0,0.1874201,0.5975952
3649,802197.0,349428.44,323.13342,1.0,0.18734099,0.69155884
613,802976.56,349857.44,300.07404,1.0,0.18730776,0.6361084
1168,802576.56,349607.44,314.58936,5.0,0.18726523,0.64682007
303,803051.56,350107.44,306.99707,1.0,0.18705407,0.6238098
1731,803076.56,349407.44,318.41,1.0,0.18683131,0.67160034
1795,803001.56,349382.44,318.6319,1.0,0.18674551,0.7054138
1721,802826.56,349407.44,320.39877,2.0,0.18670447,0.6192932
1774,802351.56,349382.44,311.85657,1.0,0.18663003,0.4621277
3643,802097.44,349493.72,330.04324,1.0,0.1865218,0.709198
3648,802180.44,349439.34,324.07294,1.0,0.18651824,0.68984985
311,803251.56,350107.44,316.7873,1.0,0.18641087,0.5592041
2444,802626.56,349107.44,324.58762,3.0,0.18639988,0.5276184
2793,802201.56,348782.44,344.02502,1.0,0.18631521,0.5252991
1780,802501.56,349382.44,310.55005,1.0,0.18594112,0.58078
2688,802451.56,348907.44,320.92938,1.0,0.18585481,0.56521606
72,802876.56,350282.44,313.90756,1.0,0.18577369,0.62991333
87,803251.56,350282.44,319.3137,1.0,0.18565573,0.62072754
902,802776.56,349707.44,314.3703,1.0,0.18558706,0.6214905
2643,802476.56,348957.44,320.8744,1.0,0.18557021,0.6820984
1644,802551.56,349432.44,314.6317,1.0,0.18557006,0.62994385
2997,803346.8,349775.03,312.02814,1.0,0.18544467,0.61834717
2626,802626.56,348982.44,333.87045,4.0,0.18537463,0.6522522
526,803201.56,349907.44,304.6749,4.0,0.18524268,0.67211914
1956,801776.56,349307.44,350.2818,1.0,0.18500756,0.4680786
3085,802649.3,349658.94,310.57114,1.0,0.18496765,0.655365
2969,803446.2,349752.1,318.6568,1.0,0.18496677,0.48971558
1087,802151.56,349632.44,328.39258,2.0,0.1849256,0.57284546
189,802826.56,350182.44,307.25027,1.0,0.1847093,0.5400696
223,802826.56,350157.44,306.10577,1.0,0.18469891,0.5656433
2568,802326.56,349032.44,322.73743,1.0,0.18469498,0.6324158
1992,803001.56,349307.44,322.79944,1.0,0.1846605,0.7645569
1803,803201.56,349382.44,320.1958,1.0,0.18463875,0.6157837
498,802351.56,349907.44,312.03775,1.0,0.18428688,0.69659424
1231,802526.56,349582.44,305.98813,2.0,0.18427837,0.59942627
2435,802301.56,349107.44,324.766,3.0,0.18380079,0.5046387
365,802426.56,350007.44,307.03412,1.0,0.18378773,0.6215515
404,803301.56,349982.44,315.1027,1.0,0.18370144,0.5609131
1160,802301.56,349607.44,312.97037,1.0,0.18368866,0.8364868
646,802376.56,349832.44,309.92172,1.0,0.1835953,0.70721436
1959,801851.56,349307.44,350.14972,1.0,0.18352105,0.633728
300,802976.56,350107.44,309.4652,1.0,0.18342395,0.65393066
154,802776.56,350207.44,307.21964,1.0,0.18332115,0.56170654
1708,802401.56,349407.44,309.22183,2.0,0.18314901,0.600708
933,803551.56,349707.44,321.4392,1.0,0.18310885,0.5708008
3427,802963.4,350050.75,299.9989,1.0,0.183093,0.52108765
3623,801954.56,349533.53,335.76093,1.0,0.18309028,0.5202942
738,802301.56,349782.44,318.4821,1.0,0.18304454,0.6291504
1741,803326.56,349407.44,323.0344,1.0,0.18286252,0.6416626
1781,802526.56,349382.44,312.25574,1.0,0.18280582,0.4588623
2761,802476.56,348832.44,330.7345,1.0,0.18276216,0.6253662
2561,802151.56,349032.44,335.22122,1.0,0.18274209,0.5036926
556,802751.56,349882.44,300.91647,1.0,0.18269248,0.633667
1259,803326.56,349582.44,316.78537,1.0,0.18254942,0.48687744
761,803451.56,349782.44,312.67838,1.0,0.18251207,0.6783447
752,802751.56,349782.44,309.43204,11.0,0.18222074,0.6866455
694,802376.56,349807.44,308.87103,1.0,0.1821732,0.6734619
3528,803092.0,350045.94,303.49164,1.0,0.18216954,0.6140747
3620,802004.4,349500.9,334.04382,1.0,0.18214701,0.5414429
73,802901.56,350282.44,317.30353,1.0,0.18205565,0.6486511
1928,803001.56,349332.44,321.10342,1.0,0.18196838,0.7230835
136,803101.56,350232.44,321.05814,1.0,0.18189992,0.5858154
2600,802576.56,349007.44,326.63483,1.0,0.18189743,0.5922241
940,803726.56,349707.44,332.1345,6.0,0.18182316,0.65948486
590,803601.56,349882.44,322.695,6.0,0.18173519,0.51278687
1018,802151.56,349657.44,329.85904,1.0,0.18165562,0.45324707
3438,803177.3,350064.16,309.03006,1.0,0.18156971,0.6012573
632,803451.56,349857.44,307.3379,4.0,0.1814688,0.46588135
1165,802501.56,349607.44,303.53674,2.0,0.18142775,0.66119385
1233,802576.56,349582.44,315.13303,1.0,0.18124446,0.4967041
759,802926.56,349782.44,316.74957,3.0,0.18119794,0.61724854
583,803426.56,349882.44,307.00888,1.0,0.18100542,0.6113281
3123,802625.8,349254.5,322.2311,1.0,0.18060727,0.6810608
1869,803176.56,349357.44,319.33957,1.0,0.1806009,0.4720459
673,803326.56,349832.44,304.79117,3.0,0.18057539,0.60861206
3677,802297.56,349332.7,317.64752,1.0,0.18057114,0.47937012
1057,803301.56,349657.44,310.72397,1.0,0.18043023,0.6314392
3250,802379.3,348997.75,319.55707,8.0,0.18020965,0.48950195
527,803226.56,349907.44,304.8946,2.0,0.1802056,0.59246826
1745,803426.56,349407.44,324.9982,2.0,0.18013349,0.54226685
2524,801951.56,349057.44,355.21658,1.0,0.1800653,0.6101074
188,802801.56,350182.44,305.9155,1.0,0.17998324,0.5550232
1638,802401.56,349432.44,308.4075,1.0,0.17976123,0.5428467
2672,801976.56,348907.44,350.03302,1.0,0.17973849,0.6063843
3697,801965.5,349550.28,335.75372,1.0,0.17967105,0.50146484
3433,803079.25,350065.44,302.59085,1.0,0.17962772,0.5342102
530,803301.56,349907.44,305.96756,1.0,0.17961656,0.6329651
2544,802576.56,349057.44,322.88867,2.0,0.17921497,0.65579224
1553,801826.56,349457.44,339.2828,2.0,0.17916046,0.48608398
1450,802951.56,349507.44,310.0179,1.0,0.17914881,0.5593567
1913,802501.56,349332.44,313.63974,1.0,0.17912744,0.63183594
3519,803271.56,350038.62,316.0965,1.0,0.1790989,0.5961914
89,803301.56,350282.44,322.79532,1.0,0.17908505,0.565979
21,803226.56,350357.44,326.28183,3.0,0.17907085,0.6491394
1832,801951.56,349357.44,347.58414,1.0,0.17905977,0.60165405
1552,801801.56,349457.44,339.22992,1.0,0.17904711,0.5378418
459,802501.56,349932.44,298.63815,1.0,0.1789414,1.0654602
2484,802151.56,349082.44,342.66278,1.0,0.1788763,0.7371826
3597,802387.0,349251.6,315.4253,1.0,0.178778,0.57192993
2388,802601.56,349132.44,322.40494,1.0,0.17862968,0.5564575
2269,802301.56,349182.44,323.58997,1.0,0.17857109,0.58221436
1822,801701.56,349357.44,355.56287,1.0,0.17841971,0.5682678
460,802526.56,349932.44,298.9266,1.0,0.17835972,1.018219
1848,802526.56,349357.44,313.61127,1.0,0.17816147,0.60061646
176,803326.56,350207.44,321.5829,1.0,0.17791104,0.57580566
764,803526.56,349782.44,314.83917,1.0,0.1777687,0.45181274
3619,802020.94,349490.03,333.40512,1.0,0.17775838,0.5187988
2054,802951.56,349282.44,323.31183,3.0,0.17756681,0.6289673
373,802726.56,350007.44,298.6338,2.0,0.17726123,0.5331421
1102,802601.56,349632.44,317.03406,4.0,0.17725304,0.45281982
3622,801971.1,349522.66,335.1981,1.0,0.17691357,0.35717773
1524,803101.56,349482.44,312.77847,1.0,0.1768609,0.607605
1408,803626.56,349532.44,330.33334,4.0,0.1768571,0.53982544
2637,802176.56,348957.44,332.75687,1.0,0.17685431,0.5949402
2154,802151.56,349232.44,339.69016,1.0,0.17657396,0.5814514
414,802401.56,349957.44,306.87732,1.0,0.17641567,0.69854736
1910,802426.56,349332.44,311.13504,1.0,0.17641526,0.7640991
827,802151.56,349732.44,331.8646,1.0,0.17622007,0.6031494
1558,801951.56,349457.44,346.5718,1.0,0.17611192,0.7687988
231,803026.56,350157.44,312.43918,3.0,0.17609943,0.6237488
3432,803059.6,350063.75,302.08606,1.0,0.17591166,0.49624634
952,802226.56,349682.44,324.5052,1.0,0.17581065,0.5500488
399,803176.56,349982.44,307.09814,2.0,0.17575988,0.44943237
1431,802376.56,349507.44,307.35654,1.0,0.17564407,0.4876709
1010,801951.56,349657.44,338.24628,1.0,0.17561704,0.34326172
1273,803676.56,349582.44,330.16153,1.0,0.17556301,0.5527344
2954,802456.7,349624.0,301.60745,1.0,0.17552808,0.6077881
798,802826.56,349757.44,319.47324,2.0,0.17540431,0.5701599
2573,802576.56,349032.44,324.82462,1.0,0.17535828,0.61032104
3536,802932.94,350020.47,299.50305,1.0,0.17533486,0.48049927
2781,802426.56,348807.44,329.42328,4.0,0.17514353,0.6140747
1363,802401.56,349532.44,305.23065,1.0,0.1751323,0.7848511
1897,801926.56,349332.44,346.93427,2.0,0.17507832,0.5794678
1486,801851.56,349482.44,339.283,1.0,0.17502198,0.4581604
2336,802676.56,349157.44,324.7815,1.0,0.17489374,0.35925293
1260,803351.56,349582.44,325.1927,1.0,0.17483637,0.5864563
487,803351.56,349932.44,312.85187,1.0,0.17482468,0.6067505
549,802451.56,349882.44,300.58835,1.0,0.17473169,0.5957031
2162,802351.56,349232.44,317.37524,1.0,0.1746446,0.55096436
138,803151.56,350232.44,315.3455,1.0,0.17458445,0.5255432
3651,802230.25,349406.7,321.1931,2.0,0.17429648,0.62664795
570,803101.56,349882.44,299.54578,1.0,0.17424333,0.67440796
177,803351.56,350207.44,324.1527,1.0,0.17421356,0.5635681
2589,802176.56,349007.44,334.1957,1.0,0.17413479,0.60183716
1812,803426.56,349382.44,325.88522,1.0,0.17404896,0.53097534
1224,802276.56,349582.44,313.8753,2.0,0.17389983,0.6500244
3403,802675.0,349841.16,300.94467,1.0,0.17359903,0.5175476
2913,802276.56,348607.44,344.67264,1.0,0.17359155,0.42181396
809,803451.56,349757.44,316.34866,1.0,0.17352536,0.5069885
372,802701.56,350007.44,298.24615,8.0,0.17345826,0.6535034
520,803051.56,349907.44,299.89493,1.0,0.17330155,0.49053955
163,803001.56,350207.44,319.3792,3.0,0.17315762,0.6045227
2320,802151.56,349157.44,344.76794,1.0,0.17311206,0.5880127
1868,803151.56,349357.44,318.32007,1.0,0.17309359,0.729187
2663,802401.56,348932.44,320.69025,1.0,0.17300774,0.47470093
664,803101.56,349832.44,302.46002,1.0,0.17295574,0.57141113
634,803501.56,349857.44,308.41586,1.0,0.17258485,0.49273682
1986,802851.56,349307.44,323.2316,1.0,0.17249458,0.4909668
123,802776.56,350232.44,307.14175,1.0,0.17242756,0.6236572
1594,803126.56,349457.44,309.55322,1.0,0.17228924,0.81396484
1005,803726.56,349682.44,333.03757,1.0,0.17218217,0.63272095
3625,801921.3,349555.3,337.0323,1.0,0.17198959,0.4579773
1367,802501.56,349532.44,306.96893,3.0,0.17196323,0.64453125
1397,803351.56,349532.44,325.86642,1.0,0.1718446,0.5138855
2854,802301.56,348707.44,342.8604,1.0,0.17173949,0.61724854
2996,803371.56,349775.53,313.7339,1.0,0.17157272,0.5171814
88,803276.56,350282.44,320.61053,1.0,0.17140278,0.56954956
868,803501.56,349732.44,319.1028,1.0,0.17133269,0.56411743
3642,802080.8,349504.6,331.0909,1.0,0.17131752,0.66677856
1243,802926.56,349582.44,309.74515,1.0,0.1712954,0.5003662
3380,803073.25,350024.88,302.57632,1.0,0.17102113,0.5494385
430,802976.56,349957.44,300.3631,1.0,0.17099835,0.5132141
1423,802176.56,349507.44,325.8089,1.0,0.17099698,0.61105347
3428,802981.7,350055.4,300.39252,1.0,0.17087466,0.4668579
709,802851.56,349807.44,315.7652,1.0,0.17083232,0.6029663
3676,802314.2,349321.8,317.19818,1.0,0.17068759,0.4136963
1660,803026.56,349432.44,317.1619,1.0,0.17053027,0.63323975
294,802826.56,350107.44,303.97623,1.0,0.17042843,0.5487976
2570,802501.56,349032.44,314.4693,1.0,0.170347,1.9904785
782,802276.56,349757.44,320.23083,1.0,0.17015952,0.6125488
2099,802226.56,349257.44,327.94638,1.0,0.1701213,0.5694275
2116,802951.56,349257.44,323.83807,4.0,0.16982397,0.44454956
3607,802220.2,349359.47,320.65845,1.0,0.1694811,0.546051
684,803601.56,349832.44,322.5468,1.0,0.16941679,0.68588257
2103,802326.56,349257.44,317.8944,1.0,0.16940303,0.49682617
100,802926.56,350257.44,318.80884,1.0,0.16934894,0.5028076
2504,802776.56,349082.44,328.35776,2.0,0.16926463,0.55877686
1272,803651.56,349582.44,329.0074,2.0,0.16923882,0.5352783
2021,801801.56,349282.44,353.27667,1.0,0.1692208,0.5600586
1220,802176.56,349582.44,322.8606,1.0,0.16920602,0.71469116
3389,802900.75,349989.7,298.78125,1.0,0.16908403,0.69744873
2777,802326.56,348807.44,325.01846,1.0,0.1690424,0.56381226
2058,803051.56,349282.44,324.61368,1.0,0.16900077,0.48330688
1806,803276.56,349382.44,322.58008,1.0,0.16890237,0.56314087
2738,802476.56,348857.44,327.5429,1.0,0.16879094,0.5821533
1232,802551.56,349582.44,308.02167,1.0,0.16871996,0.457489
132,803001.56,350232.44,321.7089,1.0,0.16866213,0.58026123
1695,801901.56,349407.44,341.44125,1.0,0.16861947,0.5241394
924,803326.56,349707.44,316.34473,1.0,0.16857558,0.58010864
1742,803351.56,349407.44,323.85107,2.0,0.16856332,0.6348572
2090,802001.56,349257.44,353.06824,1.0,0.16854244,0.57928467
1763,801876.56,349382.44,342.3079,1.0,0.16851994,0.5380554
3667,802465.0,349227.22,315.21594,1.0,0.16843858,0.60528564
3443,803276.56,350058.34,316.73257,1.0,0.16835836,0.56689453
1872,803251.56,349357.44,322.50565,1.0,0.16817386,0.5302429
2218,802376.56,349207.44,316.91232,3.0,0.1679767,0.43606567
2623,802551.56,348982.44,323.58176,1.0,0.16793855,0.513916
1453,803026.56,349507.44,310.1158,1.0,0.16793744,0.5760803
1449,802926.56,349507.44,311.0312,1.0,0.167881,0.5791931
3001,803254.44,349783.56,309.98932,2.0,0.16777591,0.5692444
429,802951.56,349957.44,299.70657,1.0,0.16774786,0.50115967
1829,801876.56,349357.44,343.51254,1.0,0.16751957,0.5560303
264,802976.56,350132.44,314.5918,1.0,0.16743986,0.6226196
574,803201.56,349882.44,302.6841,1.0,0.16725354,0.5777893
3275,802900.44,350052.34,300.45584,1.0,0.16702487,0.48132324
1058,803326.56,349657.44,315.9513,1.0,0.16697633,0.6092529
2584,802051.56,349007.44,353.0363,1.0,0.16695398,0.5526428
3379,803092.4,350025.94,303.57092,1.0,0.16686755,0.7029724
3297,803337.3,350074.84,320.14188,1.0,0.1668012,0.5335083
1759,801776.56,349382.44,341.3746,1.0,0.16674618,0.48480225
610,802851.56,349857.44,304.15225,1.0,0.16660805,0.67129517
1281,801876.56,349557.44,338.16266,1.0,0.16659081,0.54000854
717,803401.56,349807.44,309.61478,1.0,0.16642559,0.6914978
476,803076.56,349932.44,300.87332,1.0,0.1663699,0.37820435
3538,802894.9,350008.8,298.78125,1.0,0.16635148,0.6649475
2443,802601.56,349107.44,322.09482,1.0,0.16619104,0.5597229
1664,803126.56,349432.44,309.9985,1.0,0.16596983,0.4499817
1845,802451.56,349357.44,309.97653,1.0,0.1659369,0.60528564
3537,802913.9,350014.62,299.06683,1.0,0.1658674,0.5222473
1937,803226.56,349332.44,323.3638,1.0,0.16582163,0.53292847
679,803476.56,349832.44,307.99103,1.0,0.16560954,0.39950562
2091,802026.56,349257.44,352.0999,1.0,0.16560346,0.54422
2666,802476.56,348932.44,322.3059,4.0,0.16557792,0.6148071
1843,802401.56,349357.44,310.84113,1.0,0.16551092,0.4895935
2272,802376.56,349182.44,317.8264,1.0,0.16544645,0.518219
3552,802660.1,349854.6,300.94467,1.0,0.1652706,0.48342896
2624,802576.56,348982.44,325.94308,1.0,0.16512498,0.5599365
380,802476.56,349982.44,298.51422,1.0,0.16491404,0.6274414
3431,803039.8,350061.9,301.61246,1.0,0.16426167,0.5276489
1778,802451.56,349382.44,309.46085,2.0,0.16421632,0.93878174
836,802376.56,349732.44,305.06882,1.0,0.16421312,0.50927734
989,803326.56,349682.44,316.34473,1.0,0.1640698,0.5180359
84,803176.56,350282.44,317.3633,2.0,0.16406634,0.5184326
1289,802251.56,349557.44,315.6868,1.0,0.16399765,0.59207153
2324,802251.56,349157.44,329.30917,3.0,0.16388457,0.54525757
1762,801851.56,349382.44,341.33707,1.0,0.16386159,0.493042
91,803351.56,350282.44,327.11887,2.0,0.1638241,0.5690918
1934,803151.56,349332.44,320.0577,1.0,0.16380326,0.5883484
1640,802451.56,349432.44,307.68524,1.0,0.16378371,0.7051697
1234,802601.56,349582.44,318.47562,9.0,0.16375509,0.5536499
1455,803076.56,349507.44,309.51453,1.0,0.1637529,0.5723877
3251,802363.5,348985.66,319.75,1.0,0.16348588,0.5010071
1971,802151.56,349307.44,333.57944,1.0,0.16340439,0.5098877
2707,802301.56,348882.44,321.7076,1.0,0.1633209,0.4505005
2687,802426.56,348907.44,321.0807,1.0,0.16328731,0.5720215
2215,802301.56,349207.44,320.4338,1.0,0.16316284,0.45910645
1523,803076.56,349482.44,315.4787,1.0,0.16305116,0.5876465
1456,803101.56,349507.44,309.5124,1.0,0.16297765,0.56903076
2603,802651.56,349007.44,333.50842,1.0,0.16295086,0.5679016
3699,801932.3,349572.03,337.01578,2.0,0.16293265,0.40151978
86,803226.56,350282.44,317.75848,2.0,0.162836,0.56365967
64,803301.56,350307.44,324.70193,1.0,0.16281454,0.4230957
1514,802851.56,349482.44,318.70477,1.0,0.16269685,0.37582397
3165,802483.7,349144.47,316.42044,1.0,0.16269301,0.38845825
2877,802051.56,348657.44,348.6444,1.0,0.16261445,0.4822693
2834,802251.56,348732.44,343.2528,2.0,0.16242306,0.4704895
1103,802626.56,349632.44,316.47452,1.0,0.16221,0.6332092
276,803276.56,350132.44,318.059,1.0,0.16216046,0.4805603
1485,801826.56,349482.44,339.2964,1.0,0.16204698,0.45025635
379,802451.56,349982.44,301.49503,1.0,0.16185331,0.48532104
541,803576.56,349907.44,323.7577,7.0,0.16157556,0.559906
337,803476.56,350082.44,325.22342,1.0,0.16156822,0.5562744
274,803226.56,350132.44,316.02286,1.0,0.16138266,0.6029663
287,803551.56,350132.44,327.7274,1.0,0.16123195,0.29077148
261,802901.56,350132.44,304.99417,1.0,0.1612038,0.6443176
1813,803451.56,349382.44,327.02966,1.0,0.16120276,0.4970398
1849,802551.56,349357.44,315.7236,2.0,0.16119747,0.5545349
1874,803301.56,349357.44,324.6987,1.0,0.16118887,0.53793335
872,803601.56,349732.44,321.65125,2.0,0.16113447,0.5076904
3298,803357.2,350073.7,321.06647,1.0,0.16103752,0.5349426
3518,803291.44,350037.47,317.2961,1.0,0.1610329,0.56326294
1241,802876.56,349582.44,318.03052,1.0,0.16083016,0.645874
2490,802301.56,349082.44,325.8313,2.0,0.16072346,0.5036011
3252,802347.7,348973.53,320.1584,1.0,0.16059689,0.42486572
1280,801851.56,349557.44,338.93463,4.0,0.16048524,0.53118896
394,803051.56,349982.44,302.37997,1.0,0.16045952,0.45611572
2051,802876.56,349282.44,323.11984,2.0,0.16038103,0.5562744
715,803351.56,349807.44,308.70667,1.0,0.16036023,0.66467285
434,803076.56,349957.44,302.16135,1.0,0.16035111,0.5187683
3615,802087.4,349446.5,329.45554,1.0,0.16014269,0.45947266
2972,803347.4,349750.03,315.60266,1.0,0.15999477,0.5984497
258,802826.56,350132.44,304.80347,1.0,0.15997663,0.5052185
2625,802601.56,348982.44,330.80826,1.0,0.15970209,0.5567322
3402,802688.3,349854.25,299.97888,1.0,0.15966614,0.49664307
139,803176.56,350232.44,315.37286,1.0,0.15963686,0.5192261
3567,802108.4,349510.47,330.07925,2.0,0.15955813,0.6864319
1591,803051.56,349457.44,316.43707,1.0,0.1594296,0.58569336
2754,802301.56,348832.44,325.05463,1.0,0.15941948,0.5132446
2159,802276.56,349232.44,323.10706,1.0,0.1593361,0.5406189
1634,802301.56,349432.44,318.31024,1.0,0.15921786,0.4225464
378,802426.56,349982.44,305.88443,1.0,0.15915725,0.4433899
1230,802501.56,349582.44,303.8754,2.0,0.15908918,0.47561646
237,803176.56,350157.44,313.98663,1.0,0.15886164,0.56832886
164,803026.56,350207.44,318.07156,1.0,0.15877935,0.4420166
511,802826.56,349907.44,298.7534,1.0,0.15877394,0.7041626
1300,802526.56,349557.44,306.30795,1.0,0.15869622,0.44241333
1866,803101.56,349357.44,318.5332,3.0,0.1586702,0.5123596
871,803576.56,349732.44,320.54004,1.0,0.15866984,0.51660156
2219,802401.56,349207.44,316.38202,5.0,0.15858822,0.5319824
2432,802226.56,349107.44,332.75137,1.0,0.15851377,0.49090576
2539,802326.56,349057.44,324.09235,1.0,0.15816285,0.6937866
692,802326.56,349807.44,316.94037,1.0,0.1580966,0.49746704
874,803651.56,349732.44,323.57132,2.0,0.15805407,0.5678711
1743,803376.56,349407.44,324.10004,1.0,0.15805407,0.48995972
2357,803201.56,349157.44,329.02884,2.0,0.15794393,0.5216675
2760,802451.56,348832.44,328.48297,1.0,0.1579017,0.5562744
928,803426.56,349707.44,326.38818,1.0,0.15784031,0.49194336
316,803376.56,350107.44,324.13892,3.0,0.1578129,0.44348145
2615,802201.56,348982.44,333.51102,1.0,0.15781145,0.43807983
1776,802401.56,349382.44,310.08868,1.0,0.15776765,0.58551025
2427,802101.56,349107.44,345.68942,1.0,0.15771405,0.5473633
1292,802326.56,349557.44,309.3637,2.0,0.15769793,0.6459961
521,803076.56,349907.44,300.52066,1.0,0.1576928,0.46298218
488,803376.56,349932.44,313.00537,1.0,0.15768671,0.55810547
343,802676.56,350057.44,296.0315,7.0,0.15767758,0.76086426
1158,802251.56,349607.44,316.36438,1.0,0.15726125,0.5805054
265,803001.56,350132.44,315.27042,1.0,0.15723526,0.5784302
1811,803401.56,349382.44,325.35782,1.0,0.15720081,0.51260376
2038,802226.56,349282.44,326.75726,1.0,0.15715997,0.5694885
2591,802226.56,349007.44,331.8842,1.0,0.15707462,0.45306396
1744,803401.56,349407.44,324.1063,1.0,0.15706149,0.51068115
3568,802125.0,349499.56,328.9304,1.0,0.15692501,0.70062256
3440,803217.0,350061.84,312.2702,1.0,0.15681115,0.5128784
2545,802601.56,349057.44,324.132,1.0,0.15680496,0.4413452
2326,802301.56,349157.44,324.48254,1.0,0.15659907,0.5816345
146,803351.56,350232.44,324.16962,2.0,0.15651989,0.54504395
2691,802526.56,348907.44,324.1412,1.0,0.15642409,0.51467896
633,803476.56,349857.44,307.70114,1.0,0.15641291,0.40237427
1958,801826.56,349307.44,350.2833,1.0,0.15640269,0.46871948
573,803176.56,349882.44,301.42654,1.0,0.15638265,0.46347046
735,802226.56,349782.44,323.92422,4.0,0.15632246,0.6030884
241,803276.56,350157.44,318.48477,1.0,0.1562384,0.44430542
2530,802101.56,349057.44,348.8167,1.0,0.15619087,0.5015564
1484,801801.56,349482.44,339.16748,1.0,0.15612261,0.57559204
1285,802151.56,349557.44,328.99112,1.0,0.1559049,0.5449219
83,803151.56,350282.44,317.38177,1.0,0.15576477,0.5347595
1887,801676.56,349332.44,357.25168,1.0,0.1556826,0.48669434
112,803226.56,350257.44,317.00803,1.0,0.15565209,0.51174927
3148,802270.4,348907.44,322.31152,3.0,0.15543748,0.4512024
2669,802551.56,348932.44,324.51138,1.0,0.1554132,0.5177002
1836,802051.56,349357.44,348.40155,2.0,0.15540226,0.538208
929,803451.56,349707.44,326.39148,2.0,0.15535998,0.48760986
3462,803626.56,349961.03,325.21573,1.0,0.15528151,0.4178772
3084,802661.6,349643.25,311.44928,1.0,0.15524691,0.51034546
601,802501.56,349857.44,299.47107,1.0,0.15518197,1.0047913
1327,803301.56,349557.44,310.95294,1.0,0.15505703,0.48864746
3459,803579.8,349994.22,324.07898,3.0,0.1549125,0.3949585
496,803726.56,349932.44,329.65582,1.0,0.15476106,0.44348145
2175,802926.56,349232.44,324.37158,1.0,0.15474652,0.50305176
3548,802720.06,349908.6,298.7833,1.0,0.1547074,0.658905
3517,803311.25,350036.3,318.23907,1.0,0.15469308,0.5965576
2590,802201.56,349007.44,332.95673,1.0,0.15462933,0.4949646
141,803226.56,350232.44,316.47333,1.0,0.15453562,0.49819946
2083,801826.56,349257.44,357.58426,2.0,0.15453342,0.505249
278,803326.56,350132.44,321.1906,1.0,0.15440883,0.5952759
1790,802876.56,349382.44,320.05237,1.0,0.15439796,0.50717163
336,803451.56,350082.44,324.61133,1.0,0.15430509,0.53305054
27,802926.56,350332.44,322.1863,1.0,0.15427054,0.5307617
3003,803204.6,349796.25,307.81845,1.0,0.15422288,0.53848267
1068,803576.56,349657.44,325.80707,1.0,0.15412751,0.5198364
2563,802201.56,349032.44,332.45996,1.0,0.15412338,0.4819641
1847,802501.56,349357.44,311.5755,1.0,0.15391071,0.5283203
1596,803176.56,349457.44,310.46457,1.0,0.15386781,0.54641724
421,802576.56,349957.44,298.20825,1.0,0.15383676,1.0337219
108,803126.56,350257.44,322.4004,1.0,0.15381135,0.5518799
2752,802251.56,348832.44,328.80478,1.0,0.15369053,0.4317932
117,803351.56,350257.44,326.26816,5.0,0.15368609,0.5366211
3346,803688.3,349847.06,327.18753,1.0,0.15361641,0.5470581
3616,802070.75,349457.38,330.50372,1.0,0.15357961,0.5924988
3088,802611.1,349703.3,306.62585,1.0,0.1534598,0.53704834
3547,802735.06,349921.7,298.7842,1.0,0.1534262,0.65560913
1035,802751.56,349657.44,316.22638,1.0,0.15338995,0.535614
203,803176.56,350182.44,313.9615,1.0,0.15334398,0.55059814
2216,802326.56,349207.44,319.21402,1.0,0.15323287,0.45135498
3564,802058.56,349543.1,333.18082,1.0,0.1531545,0.6102295
1697,801951.56,349407.44,345.90988,2.0,0.15303,0.49508667
1071,803651.56,349657.44,327.20215,1.0,0.1530158,0.45077515
2529,802076.56,349057.44,352.67786,1.0,0.15297647,0.5701294
3000,803276.75,349776.47,309.81262,1.0,0.15293248,0.5990906
1162,802351.56,349607.44,305.66577,1.0,0.15270808,0.49658203
1236,802651.56,349582.44,318.8864,1.0,0.15265387,0.5406189
898,802476.56,349707.44,300.6912,3.0,0.15262036,1.592804
688,802226.56,349807.44,322.4789,1.0,0.15257038,0.43481445
1447,802876.56,349507.44,318.0491,1.0,0.1525687,0.6583557
1571,802451.56,349457.44,307.47046,1.0,0.15249488,0.64123535
1154,802151.56,349607.44,328.4278,1.0,0.15231551,0.53634644
1584,802876.56,349457.44,318.39435,1.0,0.15226535,0.5516052
821,803751.56,349757.44,331.58148,1.0,0.15225379,0.41311646
1170,802626.56,349607.44,318.7741,1.0,0.15211919,0.42059326
2356,803176.56,349157.44,328.41467,1.0,0.15193745,0.5133972
1711,802476.56,349407.44,308.55957,3.0,0.15188839,0.78253174
3458,803563.06,350003.1,323.67938,1.0,0.15187953,0.3895874
2378,802226.56,349132.44,332.90927,1.0,0.15183364,0.40222168
639,803626.56,349857.44,323.3923,1.0,0.15176386,0.3930359
162,802976.56,350207.44,320.39938,1.0,0.1517395,0.5682068
3566,802091.75,349521.34,331.11447,3.0,0.15170115,0.6520386
2955,802469.56,349638.12,301.0955,1.0,0.15157172,1.1579285
524,803151.56,349907.44,302.82028,1.0,0.1515248,0.6313782
2614,802176.56,348982.44,334.31143,1.0,0.15133488,0.3833313
3627,801888.1,349577.06,337.63156,1.0,0.15131176,0.4029541
1893,801826.56,349332.44,346.95825,1.0,0.15127923,0.4055786
544,802326.56,349882.44,315.04034,1.0,0.15112653,0.61535645
705,802751.56,349807.44,307.9119,1.0,0.15111296,0.53204346
779,802201.56,349757.44,326.74237,2.0,0.15085858,0.50219727
3674,802347.44,349300.38,316.27554,1.0,0.1508527,0.35446167
2431,802201.56,349107.44,336.01483,1.0,0.1506988,0.4699707
289,802701.56,350107.44,296.77216,1.0,0.15062633,0.38064575
2932,802403.3,349595.12,303.0135,1.0,0.1505595,0.48202515
3579,802307.6,349379.9,318.26956,1.0,0.1505086,0.5710449
867,803476.56,349732.44,319.6128,1.0,0.15049714,0.44787598
2991,802894.3,349822.2,315.6219,3.0,0.15042539,0.50735474
1788,802826.56,349382.44,320.9764,1.0,0.15041801,0.49725342
1875,803326.56,349357.44,326.1397,3.0,0.15011407,0.5332947
966,802751.56,349682.44,313.35382,1.0,0.15010683,0.5368347
873,803626.56,349732.44,322.5161,2.0,0.15008418,0.42721558
756,802851.56,349782.44,318.20413,1.0,0.15007964,0.54473877
3425,802925.3,350039.06,300.01166,1.0,0.15004061,0.44400024
3442,803256.7,350059.53,315.23666,1.0,0.14996676,0.4724121
2999,803297.4,349774.0,309.81677,1.0,0.14993866,0.59439087
330,802801.56,350082.44,300.99988,1.0,0.1498855,0.48291016
1798,803076.56,349382.44,319.49002,1.0,0.14978406,0.56869507
290,802726.56,350107.44,298.38766,1.0,0.14967327,0.44839478
1399,803401.56,349532.44,326.4499,1.0,0.14966361,0.46002197
1025,802326.56,349657.44,305.71033,1.0,0.1496614,0.41781616
130,802951.56,350232.44,319.7517,1.0,0.14948116,0.44638062
3656,802313.25,349352.28,317.52368,1.0,0.14939345,0.49780273
1127,803351.56,349632.44,324.30637,1.0,0.14935476,0.46417236
500,802401.56,349907.44,306.22745,1.0,0.1493393,0.58966064
2652,802001.56,348932.44,349.1692,1.0,0.14933126,0.5011902
3042,802306.75,348986.28,320.81958,1.0,0.14929366,0.3170166
3429,803000.2,350058.16,300.69238,1.0,0.14927572,0.38067627
1298,802476.56,349557.44,303.20428,1.0,0.1491822,0.92144775
331,802826.56,350082.44,301.9117,1.0,0.14906834,0.496521
3125,802598.56,349225.47,318.8018,1.0,0.14902444,0.50216675
28,802951.56,350332.44,322.89346,1.0,0.14896995,0.5120239
1620,801751.56,349432.44,340.71173,1.0,0.14883019,0.47091675
638,803601.56,349857.44,322.7825,1.0,0.14879599,0.45510864
3586,802424.4,349304.84,314.52017,1.0,0.1487922,1.1352234
3208,802683.56,349672.0,309.87854,1.0,0.1487253,0.51220703
3135,802471.25,349073.4,314.29425,1.0,0.14869829,2.178711
1194,803326.56,349607.44,316.37485,1.0,0.14863104,0.4429016
962,802551.56,349682.44,301.66037,1.0,0.1486083,0.6196594
3439,803197.1,350063.0,310.78503,1.0,0.14856343,0.5075073
2757,802376.56,348832.44,324.90308,1.0,0.14840892,0.60964966
1633,802276.56,349432.44,318.61627,1.0,0.14839655,0.36813354
1004,803701.56,349682.44,329.23178,2.0,0.14838195,0.46087646
48,802901.56,350307.44,317.99612,4.0,0.14835761,0.5214844
2599,802551.56,349007.44,323.60217,1.0,0.14832777,0.48892212
2641,802426.56,348957.44,319.37775,1.0,0.14830409,0.380188
1693,801851.56,349407.44,340.4662,1.0,0.14825699,0.41378784
3641,802064.2,349515.5,332.10373,1.0,0.14813647,0.61932373
3441,803236.9,350060.7,313.72574,1.0,0.14808083,0.4814453
3414,802733.1,349945.84,298.7239,1.0,0.14801902,0.49383545
1842,802376.56,349357.44,311.10538,1.0,0.14799418,0.40823364
3655,802296.6,349363.2,318.26956,1.0,0.14785632,0.54467773
1870,803201.56,349357.44,320.6687,1.0,0.14782572,0.42913818
817,803651.56,349757.44,323.56238,1.0,0.147783,0.53881836
668,803201.56,349832.44,303.05487,1.0,0.14759725,0.40899658
909,802951.56,349707.44,308.96664,1.0,0.14755094,0.5005188
2022,801826.56,349282.44,353.30933,1.0,0.14754339,0.55358887
1544,803601.56,349482.44,329.18524,1.0,0.14744577,0.46340942
725,803601.56,349807.44,320.65314,1.0,0.14735232,0.6552124
1195,803351.56,349607.44,324.56253,1.0,0.14731653,0.42163086
1570,802426.56,349457.44,307.47946,1.0,0.14725138,0.6300659
2956,802482.4,349652.25,300.71472,1.0,0.14719546,1.5606995
1299,802501.56,349557.44,304.65402,2.0,0.14688715,0.49172974
3599,802353.44,349272.88,316.08618,1.0,0.14685166,0.425354
3097,802674.5,349715.72,307.76572,1.0,0.14683698,0.618103
3278,802957.5,350069.88,300.60376,2.0,0.14676942,0.4479065
3086,802637.06,349674.62,309.16516,1.0,0.14670637,0.56088257
1040,802876.56,349657.44,318.66965,2.0,0.14665627,0.53445435
802,802926.56,349757.44,316.69324,1.0,0.14655504,0.54385376
435,803101.56,349957.44,303.25388,2.0,0.14652644,0.5036621
338,803501.56,350082.44,325.95587,1.0,0.1464488,0.47973633
1808,803326.56,349382.44,324.7455,1.0,0.14643203,0.5436096
1228,802451.56,349582.44,302.5719,2.0,0.14640982,0.8076172
2503,802751.56,349082.44,327.48193,4.0,0.14637627,0.4875183
3460,803596.94,349984.12,324.43542,1.0,0.14635399,0.3527832
2662,802376.56,348932.44,320.56335,1.0,0.14629467,0.45043945
2918,802176.56,348582.44,347.38477,2.0,0.14617077,0.41461182
2832,802201.56,348732.44,343.99353,1.0,0.14610839,0.3850708
1740,803301.56,349407.44,322.2864,3.0,0.1460711,0.5290222
333,802876.56,350082.44,301.71548,1.0,0.14593612,0.54837036
2335,802651.56,349157.44,324.11807,1.0,0.14593132,0.34799194
3640,802047.6,349526.38,333.1896,1.0,0.14578159,0.6345825
2771,802176.56,348807.44,344.39624,1.0,0.14576776,0.36834717
2645,802526.56,348957.44,323.05292,2.0,0.14573608,0.48266602
3004,803180.25,349800.66,305.72745,1.0,0.1456242,0.54833984
3613,802120.56,349424.75,327.00357,1.0,0.14543375,0.5181885
3577,802274.4,349401.66,319.5837,1.0,0.14523919,0.55044556
2160,802301.56,349232.44,319.97983,1.0,0.1451425,0.5402527
445,803351.56,349957.44,316.43027,1.0,0.1451334,0.58309937
1878,803401.56,349357.44,326.76248,1.0,0.14511442,0.49414062
581,803376.56,349882.44,305.6912,1.0,0.14508362,0.4357605
751,802726.56,349782.44,307.67297,1.0,0.14507279,0.5031738
158,802876.56,350207.44,308.28152,2.0,0.14504191,0.44241333
2095,802126.56,349257.44,339.58423,1.0,0.14502002,0.4664917
3533,802991.8,350036.8,300.6182,1.0,0.14501612,0.3907776
431,803001.56,349957.44,300.4092,1.0,0.14497787,0.46905518
90,803326.56,350282.44,325.42114,4.0,0.14485864,0.5013428
936,803626.56,349707.44,322.9351,1.0,0.14475685,0.41583252
2057,803026.56,349282.44,324.13107,1.0,0.14469521,0.52957153
2712,802426.56,348882.44,322.0018,5.0,0.1445819,0.44659424
2025,801901.56,349282.44,357.42886,1.0,0.14442278,0.4572754
1609,803501.56,349457.44,327.1678,1.0,0.14437647,0.43859863
446,803376.56,349957.44,316.85364,1.0,0.14435787,0.47140503
1639,802426.56,349432.44,307.70093,2.0,0.14430912,0.61657715
3128,802559.6,349180.97,317.15527,2.0,0.14421982,0.53344727
678,803451.56,349832.44,307.61084,1.0,0.14415842,0.2901001
3457,803545.1,350011.4,323.21158,1.0,0.14405507,0.33361816
780,802226.56,349757.44,324.50052,4.0,0.14403237,0.4855957
3413,802718.25,349933.56,298.71512,1.0,0.14401707,0.37542725
1094,802326.56,349632.44,305.70428,1.0,0.14397144,0.40945435
1642,802501.56,349432.44,308.63867,1.0,0.14392336,0.510376
362,803601.56,350032.44,327.52286,1.0,0.14382489,0.48171997
3287,803138.2,350085.97,306.5623,1.0,0.14369209,0.3939209
1421,801951.56,349507.44,337.71317,1.0,0.1436895,0.49667358
1862,803001.56,349357.44,319.5679,1.0,0.1436662,0.55944824
662,803051.56,349832.44,300.5043,8.0,0.14363624,0.49822998
1935,803176.56,349332.44,320.5447,1.0,0.14362635,0.43173218
599,802451.56,349857.44,300.89713,1.0,0.14356935,0.44241333
1564,802276.56,349457.44,318.31714,1.0,0.14352886,0.37808228
880,803926.56,349732.44,335.60382,1.0,0.14335337,0.4779358
3263,802690.1,349935.53,298.44012,1.0,0.14334148,0.46722412
1663,803101.56,349432.44,312.69418,1.0,0.14333093,0.48971558
3384,802994.6,350017.0,300.6182,1.0,0.14315198,0.42526245
3461,803611.94,349973.7,324.7525,1.0,0.14307536,0.3407898
3589,802474.6,349272.94,315.17914,1.0,0.14295271,0.60964966
131,802976.56,350232.44,320.8218,1.0,0.1428897,0.4013672
156,802826.56,350207.44,308.6339,4.0,0.1428552,0.41540527
2970,803396.75,349751.06,318.2591,1.0,0.14267968,0.49224854
1729,803026.56,349407.44,318.62692,1.0,0.14248793,0.5593567
1104,802776.56,349632.44,320.40894,1.0,0.14245948,0.36254883
62,803251.56,350307.44,320.12216,1.0,0.1424249,0.4941101
1617,803701.56,349457.44,331.5467,1.0,0.1424199,0.4223938
696,802426.56,349807.44,302.7455,1.0,0.14233601,0.45895386
1699,802001.56,349407.44,347.82507,1.0,0.14222662,0.83880615
2648,802601.56,348957.44,331.07568,1.0,0.14220963,0.41567993
887,802201.56,349707.44,328.909,1.0,0.14215787,0.57870483
2062,803151.56,349282.44,325.51984,2.0,0.14214896,0.39453125
2975,803270.25,349752.34,309.2402,1.0,0.14203471,0.48516846
710,802876.56,349807.44,317.5874,1.0,0.14198461,0.5041809
2813,802201.56,348757.44,344.007,2.0,0.14179607,0.44369507
3701,801899.1,349593.78,337.63156,1.0,0.14178383,0.38623047
1846,802476.56,349357.44,310.11755,1.0,0.14174391,0.6163025
377,802401.56,349982.44,308.46225,2.0,0.14169288,0.51379395
1563,802251.56,349457.44,319.55908,1.0,0.14157669,0.45309448
3628,801871.5,349587.94,337.8454,1.0,0.14155614,0.37301636
2434,802276.56,349107.44,326.26602,1.0,0.14152505,0.5014343
210,803351.56,350182.44,324.15262,6.0,0.14143138,0.4739685
1352,802126.56,349532.44,331.0457,1.0,0.14139113,0.4703064
2685,802376.56,348907.44,321.2529,1.0,0.14122136,0.44424438
1342,803676.56,349557.44,330.21896,1.0,0.14121105,0.52334595
680,803501.56,349832.44,308.5096,1.0,0.14108054,0.43545532
3430,803020.0,350060.03,301.08615,1.0,0.14107482,0.43493652
1750,803551.56,349407.44,329.9591,1.0,0.14099026,0.4340515
3626,801904.75,349566.2,337.2781,2.0,0.14065136,0.39941406
3531,803031.75,350041.06,301.48822,1.0,0.14057058,0.43615723
2073,803426.56,349282.44,330.434,5.0,0.14048664,0.4918213
92,803376.56,350282.44,328.6769,1.0,0.14045557,0.48538208
3593,802454.7,349209.38,315.26004,1.0,0.14029592,0.56033325
742,802401.56,349782.44,303.7249,1.0,0.1402421,0.50619507
3204,802632.5,349731.56,305.51938,1.0,0.1402276,0.46600342
1152,802101.56,349607.44,333.94418,1.0,0.14016826,0.4797058
2157,802226.56,349232.44,327.948,1.0,0.14006877,0.5360718
1592,803076.56,349457.44,316.1967,1.0,0.1400265,0.5147095
3553,802646.8,349839.72,302.08215,1.0,0.13991939,0.40438843
947,802101.56,349682.44,335.1313,3.0,0.13989833,0.44989014
2540,802351.56,349057.44,321.96564,1.0,0.13988411,0.563324
1329,803351.56,349557.44,325.70624,1.0,0.13986929,0.45648193
939,803701.56,349707.44,328.9742,1.0,0.13982698,0.5114746
2710,802376.56,348882.44,321.95108,1.0,0.13982345,0.4689331
512,802851.56,349907.44,298.84714,1.0,0.1397031,0.6331482
3207,802671.25,349687.7,308.8085,2.0,0.13941573,0.49212646
3143,802359.8,348957.66,320.1966,1.0,0.13919763,0.5079346
580,803351.56,349882.44,305.50525,1.0,0.13919726,0.34378052
934,803576.56,349707.44,321.672,4.0,0.1391591,0.44485474
3551,802675.1,349869.3,299.96384,1.0,0.13888301,0.40386963
135,803076.56,350232.44,322.00357,4.0,0.13882256,0.45767212
178,803376.56,350207.44,324.87115,1.0,0.13881016,0.43933105
3398,802748.25,349906.62,298.79755,1.0,0.1387982,0.6374512
1597,803201.56,349457.44,310.6909,1.0,0.1387005,0.40045166
3606,802236.8,349348.6,319.93185,1.0,0.13868622,0.43377686
2936,802454.75,349651.6,301.09396,1.0,0.1386679,1.1845398
957,802351.56,349682.44,305.38065,1.0,0.13858257,0.4506836
2474,803376.56,349107.44,331.5806,1.0,0.1385051,0.18615723
3196,802665.06,349671.28,309.1758,2.0,0.13845918,0.4569702
1159,802276.56,349607.44,314.766,1.0,0.1384351,0.5425415
651,802501.56,349832.44,299.90543,1.0,0.1384197,0.78793335
818,803676.56,349757.44,327.27936,1.0,0.13837816,0.62960815
418,802501.56,349957.44,297.33875,1.0,0.13830234,1.0154419
3206,802659.0,349703.16,307.72922,1.0,0.13830175,0.50735474
1914,802526.56,349332.44,315.56818,1.0,0.13796793,0.46871948
326,802701.56,350082.44,297.4627,1.0,0.13788989,0.45272827
666,803151.56,349832.44,302.80377,1.0,0.13764174,0.47695923
712,803276.56,349807.44,305.31473,1.0,0.13763069,0.47875977
576,803251.56,349882.44,303.2482,1.0,0.13754435,0.44458008
2814,802226.56,348757.44,343.60425,2.0,0.13750628,0.33963013
671,803276.56,349832.44,303.9612,2.0,0.13735944,0.3567505
113,803251.56,350257.44,318.06738,2.0,0.1373228,0.4446411
3530,803051.56,350042.9,301.89444,1.0,0.13710201,0.4081726
2063,803176.56,349282.44,325.79593,1.0,0.13706376,0.3411255
2389,802626.56,349132.44,323.90265,1.0,0.13699539,0.55062866
3515,803351.0,350033.97,319.7268,1.0,0.13683626,0.5192871
2383,802351.56,349132.44,318.91776,4.0,0.13676108,0.45568848
3090,802583.3,349731.8,302.64197,1.0,0.13674013,0.39849854
1422,802151.56,349507.44,327.1068,1.0,0.13653861,0.5162964
3652,802246.8,349395.8,320.3966,2.0,0.13651508,0.5072937
2654,802051.56,348932.44,348.09198,1.0,0.13648312,0.4713745
778,802176.56,349757.44,327.92197,4.0,0.13647579,0.41482544
2700,802126.56,348882.44,345.91638,4.0,0.13644539,0.40023804
140,803201.56,350232.44,315.921,1.0,0.13640544,0.41558838
1219,802151.56,349582.44,329.36066,1.0,0.13636363,0.4640503
1206,803626.56,349607.44,328.6155,5.0,0.13635619,0.44735718
50,802951.56,350307.44,321.18546,1.0,0.1362457,0.4694519
1645,802576.56,349432.44,319.09964,1.0,0.13616565,0.473938
870,803551.56,349732.44,319.31238,1.0,0.1360665,0.5074463
9,803276.56,350382.44,328.28693,1.0,0.13597603,0.4670105
3147,802296.6,348909.22,321.50424,1.0,0.13591684,0.34402466
1815,803501.56,349382.44,329.64484,1.0,0.13586922,0.4387207
3056,802493.8,349187.88,315.77786,1.0,0.13583125,0.42514038
2713,802451.56,348882.44,322.00473,1.0,0.13582948,0.39785767
3002,803229.4,349791.06,308.1664,1.0,0.13581353,0.40252686
3087,802624.7,349689.1,308.0152,1.0,0.13579407,0.50375366
763,803501.56,349782.44,313.13187,1.0,0.13575858,0.42980957
198,803051.56,350182.44,308.76126,1.0,0.13569722,0.45135498
25,803326.56,350357.44,329.50583,1.0,0.13567527,0.449646
1178,802926.56,349607.44,309.23358,1.0,0.1354833,0.5826111
110,803176.56,350257.44,316.06302,1.0,0.13524278,0.45114136
1124,803276.56,349632.44,308.0997,1.0,0.13518333,0.98965454
1441,802626.56,349507.44,320.64774,1.0,0.1350962,0.52685547
2929,802226.56,348532.44,346.125,1.0,0.13505954,0.49014282
3444,803296.44,350057.2,317.93774,1.0,0.13500348,0.43301392
2653,802026.56,348932.44,347.99368,1.0,0.13495469,0.36853027
1288,802226.56,349557.44,317.48712,1.0,0.13488348,0.4482727
1857,802876.56,349357.44,320.40195,1.0,0.13480887,0.36395264
893,802351.56,349707.44,305.689,1.0,0.13480212,0.3241272
753,802776.56,349782.44,310.878,3.0,0.13475057,0.4472046
595,802351.56,349857.44,313.8398,1.0,0.13473105,0.60458374
1369,802551.56,349532.44,308.18216,1.0,0.13470976,0.44088745
647,802401.56,349832.44,305.29208,3.0,0.13468955,0.4960327
3532,803012.0,350039.2,301.05307,1.0,0.13464019,0.40093994
582,803401.56,349882.44,306.1115,1.0,0.134628,0.45373535
194,802951.56,350182.44,315.34958,1.0,0.13459516,0.5940857
716,803376.56,349807.44,309.25046,1.0,0.13456231,0.552948
2649,802626.56,348957.44,335.37454,4.0,0.13455291,0.4732666
332,802851.56,350082.44,302.83423,1.0,0.13449217,0.4640503
118,803376.56,350257.44,326.8716,1.0,0.13431832,0.46832275
1680,803526.56,349432.44,328.90695,1.0,0.13427584,0.34750366
2483,802126.56,349082.44,344.3906,1.0,0.13427202,0.4493103
730,803851.56,349807.44,333.82635,1.0,0.1342719,0.2956848
528,803251.56,349907.44,304.1979,1.0,0.13426934,0.46853638
542,803751.56,349907.44,330.31836,1.0,0.13424715,0.39694214
1850,802576.56,349357.44,316.18448,1.0,0.13424347,0.40457153
575,803226.56,349882.44,303.2437,1.0,0.13412677,0.41137695
3516,803331.1,350035.12,319.09543,1.0,0.13409978,0.5166321
1503,802476.56,349482.44,307.12622,6.0,0.13402466,0.8293457
232,803051.56,350157.44,308.00146,1.0,0.13400683,0.41766357
3127,802572.4,349196.28,317.3762,1.0,0.13399653,0.42269897
1855,802826.56,349357.44,322.58484,1.0,0.13396785,0.44384766
209,803326.56,350182.44,321.71002,1.0,0.13393302,0.4312744
2261,802101.56,349182.44,350.84222,1.0,0.13393113,0.46624756
1720,802801.56,349407.44,321.40018,1.0,0.13388161,0.47631836
3350,803631.6,349902.34,325.552,1.0,0.13371268,0.40133667
1977,802501.56,349307.44,315.40265,1.0,0.13365859,0.48638916
3209,802695.8,349656.34,311.12018,1.0,0.13361031,0.48132324
1126,803326.56,349632.44,316.02252,1.0,0.13357624,0.5699463
2212,802226.56,349207.44,327.95062,1.0,0.13351235,0.4784546
1799,803101.56,349382.44,313.52048,1.0,0.13350601,0.3522644
837,802401.56,349732.44,303.1556,1.0,0.13336772,0.42492676
726,803626.56,349807.44,322.03976,1.0,0.13328813,0.5743103
707,802801.56,349807.44,309.0372,1.0,0.13314904,0.40161133
2552,802776.56,349057.44,332.4203,1.0,0.13309366,0.44985962
320,803476.56,350107.44,326.90265,4.0,0.133087,0.47061157
2935,802441.9,349637.47,301.7225,1.0,0.13299635,0.42156982
1471,803476.56,349507.44,324.97845,1.0,0.13292609,0.60357666
3158,802396.25,349036.1,319.18433,2.0,0.13286254,0.4465027
988,803301.56,349682.44,310.82483,1.0,0.13256203,0.557312
2995,803396.25,349776.06,313.3061,1.0,0.1325587,0.5758362
899,802576.56,349707.44,302.59937,1.0,0.13254413,0.4083557
3292,803238.0,350080.66,314.48996,1.0,0.13241385,0.41906738
1554,801851.56,349457.44,339.33365,1.0,0.13240775,0.44604492
2640,802401.56,348957.44,319.46875,1.0,0.13231689,0.33898926
426,802876.56,349957.44,298.811,3.0,0.13211672,0.66116333
126,802851.56,350232.44,308.79333,1.0,0.13202456,0.45654297
1998,803151.56,349307.44,322.96225,1.0,0.1319214,0.4650879
3349,803645.75,349888.9,325.552,1.0,0.13187864,0.35739136
2161,802326.56,349232.44,318.4157,1.0,0.13180731,0.4373169
267,803051.56,350132.44,308.00076,1.0,0.13179724,0.4033203
413,802376.56,349957.44,309.14713,4.0,0.1317882,0.61846924
1436,802501.56,349507.44,307.5103,1.0,0.13178328,0.47280884
2098,802201.56,349257.44,328.66806,1.0,0.13178144,0.45111084
661,803026.56,349832.44,303.15106,1.0,0.13178092,0.45352173
3388,802919.75,349995.53,299.06976,1.0,0.13174485,0.40298462
1030,802526.56,349657.44,301.1944,1.0,0.13173749,1.0895996
677,803426.56,349832.44,307.16663,1.0,0.13164832,0.5407715
1504,802501.56,349482.44,307.51096,4.0,0.1316175,0.4689331
314,803326.56,350107.44,321.39487,1.0,0.13160807,0.4933777
2934,802429.0,349623.38,302.27335,1.0,0.13160414,0.49517822
3285,803098.4,350086.12,303.97815,1.0,0.13153818,0.33517456
3604,802270.0,349326.84,318.39908,1.0,0.13152361,0.49273682
3142,802375.6,348969.75,320.05444,1.0,0.13148566,0.37072754
2486,802201.56,349082.44,336.17917,1.0,0.13146588,0.4333191
31,803026.56,350332.44,327.2203,1.0,0.13140024,0.4348755
3424,802906.3,350033.25,299.752,1.0,0.13125558,0.43511963
3423,802887.3,350027.4,299.4595,1.0,0.13104758,0.4796753
229,802976.56,350157.44,316.00397,1.0,0.13090952,0.48101807
2822,802426.56,348757.44,336.66565,1.0,0.13081247,0.4743042
1026,802351.56,349657.44,305.3471,2.0,0.13078725,0.47958374
3155,802350.56,348994.62,319.96527,1.0,0.13068417,0.32040405
579,803326.56,349882.44,304.92062,1.0,0.13064593,0.4736023
2833,802226.56,348732.44,343.6593,3.0,0.13060959,0.4031372
769,803651.56,349782.44,323.43723,1.0,0.13059281,0.4708252
1344,803726.56,349557.44,331.9916,1.0,0.13054752,0.39663696
313,803301.56,350107.44,318.4055,1.0,0.13054018,0.37982178
737,802276.56,349782.44,321.3924,1.0,0.13052885,0.46029663
109,803151.56,350257.44,316.06665,1.0,0.13043061,0.43710327
145,803326.56,350232.44,321.77808,2.0,0.1303009,0.49368286
865,803426.56,349732.44,320.55222,1.0,0.13028444,0.42230225
1715,802576.56,349407.44,318.4935,1.0,0.1301907,0.448761
3535,802951.94,350026.3,299.89258,1.0,0.13013956,0.36618042
3578,802291.0,349390.78,318.92572,5.0,0.13008745,0.5296631
657,802776.56,349832.44,308.21658,1.0,0.13002394,0.45367432
143,803276.56,350232.44,318.9825,1.0,0.13000774,0.3975525
3046,802368.2,349034.78,319.53125,1.0,0.12997815,0.39611816
522,803101.56,349907.44,300.85345,1.0,0.12995094,0.28549194
42,803301.56,350332.44,327.09494,1.0,0.1299356,0.3972473
1073,803701.56,349657.44,330.37247,1.0,0.12991491,0.4623413
1303,802601.56,349557.44,318.52383,1.0,0.1298841,0.5133972
1761,801826.56,349382.44,340.87894,1.0,0.12977073,0.41177368
648,802426.56,349832.44,302.76047,1.0,0.12972665,0.45028687
1677,803451.56,349432.44,325.15662,1.0,0.12970008,0.4295349
2084,801851.56,349257.44,357.61047,1.0,0.12958863,0.47753906
3366,803349.8,350014.0,319.73804,1.0,0.12937327,0.52297974
674,803351.56,349832.44,305.27753,1.0,0.12937209,0.42721558
3041,802290.94,348974.2,320.9044,1.0,0.12934719,0.35549927
1003,803676.56,349682.44,328.02893,2.0,0.12923177,0.5532532
2089,801976.56,349257.44,357.10815,2.0,0.12922479,0.45474243
690,802276.56,349807.44,321.0159,1.0,0.12891147,0.60162354
3383,803013.9,350019.28,301.05814,1.0,0.12887862,0.43945312
3463,803641.25,349947.62,325.52435,1.0,0.12884109,0.31518555
1202,803526.56,349607.44,326.18933,1.0,0.12883998,0.39379883
1177,802901.56,349607.44,316.07327,1.0,0.12883046,0.6575012
416,802451.56,349957.44,301.5949,1.0,0.12879574,0.46307373
243,803326.56,350157.44,321.5303,1.0,0.12875478,0.4154663
594,802326.56,349857.44,315.28326,1.0,0.12865792,0.47924805
1472,803501.56,349507.44,325.53317,1.0,0.12859273,0.39974976
1547,803676.56,349482.44,332.11206,3.0,0.12853639,0.3143921
1888,801701.56,349332.44,356.32114,1.0,0.12849042,0.41552734
2953,802443.8,349609.9,302.41046,1.0,0.12847999,0.5880432
1445,802826.56,349507.44,319.15277,2.0,0.12843868,0.47174072
1963,801951.56,349307.44,357.30695,1.0,0.12842612,0.45114136
3602,802303.2,349305.06,317.45554,1.0,0.12839569,0.3360901
3449,803395.2,350050.2,320.8452,1.0,0.1283702,0.35357666
1873,803276.56,349357.44,323.6044,1.0,0.12827528,0.42401123
35,803126.56,350332.44,327.2179,1.0,0.12818785,0.38378906
1296,802426.56,349557.44,303.41238,4.0,0.12815486,0.44680786
1739,803276.56,349407.44,321.4413,1.0,0.12814595,0.44970703
1265,803476.56,349582.44,325.53583,1.0,0.12811425,0.3607788
1760,801801.56,349382.44,340.91724,5.0,0.12808697,0.46279907
3157,802382.25,349020.56,319.53125,1.0,0.12807424,0.3864441
3448,803375.44,350052.2,320.51404,1.0,0.12806112,0.37939453
2263,802151.56,349182.44,343.80737,1.0,0.12800504,0.4453125
2628,802676.56,348982.44,336.1277,1.0,0.1280027,0.2359314
2927,802251.56,348557.44,345.47867,1.0,0.1279764,0.40612793
133,803026.56,350232.44,322.3246,1.0,0.12796836,0.46295166
3700,801915.7,349582.9,337.2781,1.0,0.1279652,0.3001709
3308,803553.44,350029.6,323.6232,1.0,0.12768014,0.377594
3629,801854.94,349598.8,337.90625,1.0,0.12761413,0.41357422
2300,803201.56,349182.44,327.84717,1.0,0.12761034,0.41870117
483,803251.56,349932.44,305.99188,1.0,0.12753241,0.38882446
3447,803356.0,350053.72,320.10806,2.0,0.12745005,0.3738098
1816,803526.56,349382.44,330.0542,3.0,0.12742299,0.38983154
2481,802076.56,349082.44,353.0517,1.0,0.12741773,0.33099365
1069,803601.56,349657.44,324.38303,3.0,0.12735578,0.39642334
219,802726.56,350157.44,297.75916,1.0,0.12735404,0.4317932
3238,802531.5,349178.47,316.2065,1.0,0.12733129,0.3230896
1789,802851.56,349382.44,320.1984,1.0,0.12728639,0.45993042
1863,803026.56,349357.44,320.87762,1.0,0.12720731,0.5574341
1512,802801.56,349482.44,320.6419,2.0,0.12719154,0.39285278
3702,801882.5,349604.66,337.85062,1.0,0.12717812,0.31903076
3038,802075.56,349213.84,350.9326,1.0,0.12717557,0.5019226
3036,802029.6,349196.22,354.3167,1.0,0.12700844,0.3731079
886,802176.56,349707.44,330.9321,2.0,0.12699865,0.57351685
2782,802451.56,348807.44,330.145,1.0,0.12699114,0.45285034
2220,802626.56,349207.44,324.08368,1.0,0.12685639,0.42294312
2489,802276.56,349082.44,326.23987,1.0,0.12670752,0.346344
3658,802346.6,349330.56,316.6744,4.0,0.12670381,0.44415283
3445,803316.3,350056.03,318.8411,1.0,0.12667373,0.39367676
2082,801801.56,349257.44,358.2757,1.0,0.12666556,0.36108398
1804,803226.56,349382.44,320.6844,1.0,0.12662461,0.3625183
1714,802551.56,349407.44,314.73575,1.0,0.1265753,0.5611267
3554,802633.7,349825.06,302.76376,1.0,0.1265262,0.37149048
190,802851.56,350182.44,307.1866,8.0,0.12647834,0.5534363
3290,803198.3,350082.97,311.40295,1.0,0.12646352,0.4653015
3126,802585.2,349210.97,317.62363,1.0,0.12639157,0.33926392
1371,802601.56,349532.44,317.27264,3.0,0.12634808,0.65130615
845,802776.56,349732.44,311.0265,1.0,0.12629992,0.42074585
1987,802876.56,349307.44,321.5631,1.0,0.12624805,0.36038208
636,803551.56,349857.44,312.4119,1.0,0.12624672,0.4045105
2127,803226.56,349257.44,326.43918,1.0,0.12624656,0.371521
393,803026.56,349982.44,301.9677,1.0,0.1260967,0.34243774
3654,802280.06,349374.06,318.92572,1.0,0.12603629,0.48739624
795,802751.56,349757.44,309.9735,1.0,0.12603502,0.37890625
1067,803551.56,349657.44,327.24292,1.0,0.12590608,0.41644287
1679,803501.56,349432.44,327.20255,1.0,0.12589544,0.44854736
77,803001.56,350282.44,323.42984,2.0,0.12578996,0.43676758
319,803451.56,350107.44,326.27957,7.0,0.12578365,0.44021606
1351,801901.56,349532.44,338.1808,1.0,0.12576371,0.4359436
3614,802104.0,349435.62,328.35693,1.0,0.12574585,0.34472656
3195,802677.4,349655.6,310.44836,2.0,0.12570581,0.47372437
252,802676.56,350132.44,293.20227,1.0,0.12568168,0.6385803
2505,802801.56,349082.44,328.99716,1.0,0.12566,0.41122437
358,802701.56,350032.44,298.4073,1.0,0.12563786,0.38687134
815,803601.56,349757.44,320.86905,1.0,0.12562865,0.5012512
1034,802626.56,349657.44,314.19717,1.0,0.12557891,0.52404785
1208,803676.56,349607.44,330.14975,1.0,0.12547725,0.41693115
295,802851.56,350107.44,303.91626,3.0,0.12547661,0.43215942
1923,802876.56,349332.44,320.70935,1.0,0.12544936,0.32229614
207,803276.56,350182.44,318.87927,1.0,0.12542081,0.37582397
2809,802101.56,348757.44,345.3841,1.0,0.12530033,0.42996216
1301,802551.56,349557.44,307.68573,1.0,0.12520516,0.43518066
1681,803551.56,349432.44,329.4954,1.0,0.1251924,0.4182129
170,803176.56,350207.44,314.77036,1.0,0.12509537,0.40020752
2872,802326.56,348682.44,342.9525,1.0,0.1249836,0.50027466
292,802776.56,350107.44,300.0248,1.0,0.124951445,0.3887024
1086,802126.56,349632.44,331.89474,1.0,0.124935135,0.41641235
3194,802689.5,349639.28,311.78543,2.0,0.1249109,0.4393921
2321,802176.56,349157.44,340.43005,1.0,0.124873646,0.40872192
548,802426.56,349882.44,303.41364,1.0,0.12476966,0.40438843
2756,802351.56,348832.44,325.0723,1.0,0.124639586,0.45166016
1163,802376.56,349607.44,303.109,1.0,0.12463145,0.5307007
3145,802328.2,348933.44,320.86197,1.0,0.12455963,0.43695068
3159,802408.75,349051.6,318.7645,5.0,0.12448215,0.39068604
1282,802076.56,349557.44,333.78714,1.0,0.12445299,0.4508667
3154,802334.75,348982.5,320.3125,1.0,0.12441639,0.33825684
676,803401.56,349832.44,306.59576,4.0,0.12440823,0.4845276
1611,803551.56,349457.44,329.48605,1.0,0.12440739,0.38375854
781,802251.56,349757.44,322.78372,1.0,0.12408089,0.4819641
1999,803176.56,349307.44,323.1848,1.0,0.12404425,0.39855957
1694,801876.56,349407.44,340.92078,1.0,0.12399916,0.43307495
3382,803033.6,350021.12,301.5505,1.0,0.12375735,0.4804077
1997,803126.56,349307.44,322.96872,1.0,0.123713605,0.45272827
687,803826.56,349832.44,332.2134,2.0,0.12371255,0.35604858
959,802401.56,349682.44,303.05548,1.0,0.12370483,0.337677
711,803251.56,349807.44,305.81104,1.0,0.12369388,0.42227173
201,803126.56,350182.44,313.53906,1.0,0.12364029,0.3491211
2947,802593.5,349808.84,302.19626,1.0,0.123636305,0.45996094
3233,802597.6,349253.7,318.4102,4.0,0.12360798,0.30239868
897,802451.56,349707.44,301.50583,1.0,0.123598635,0.7753906
3450,803414.94,350048.1,321.1722,1.0,0.12352653,0.3557129
220,802751.56,350157.44,299.46606,1.0,0.1234764,0.39401245
3301,803417.06,350068.0,321.87674,1.0,0.123439796,0.4031372
1704,802301.56,349407.44,318.36215,1.0,0.12330205,0.4421997
195,802976.56,350182.44,316.4636,3.0,0.123239994,0.40567017
1151,802076.56,349607.44,335.3033,1.0,0.12322368,0.4774475
46,802851.56,350307.44,312.0896,1.0,0.12319251,0.40707397
2704,802226.56,348882.44,330.72333,1.0,0.123109065,0.41122437
2613,802151.56,348982.44,334.45218,1.0,0.12288953,0.30819702
2502,802726.56,349082.44,326.70062,1.0,0.12281018,0.40786743
1157,802226.56,349607.44,317.41412,1.0,0.12279411,0.53744507
1954,801726.56,349307.44,356.9191,1.0,0.1227455,0.52679443
1205,803601.56,349607.44,327.52124,1.0,0.12273892,0.36776733
3451,803434.2,350045.6,321.4907,1.0,0.122650474,0.3444214
1237,802776.56,349582.44,320.61887,1.0,0.12254141,0.38555908
697,802451.56,349807.44,301.79086,1.0,0.12252216,0.35836792
1581,802801.56,349457.44,320.79434,6.0,0.12236455,0.44952393
166,803076.56,350207.44,317.8264,1.0,0.12231992,0.5860901
424,802651.56,349957.44,298.3593,1.0,0.12230833,0.51156616
1027,802376.56,349657.44,304.15738,1.0,0.12223884,0.5242615
2313,801876.56,349157.44,356.2269,2.0,0.122137666,0.41732788
24,803301.56,350357.44,327.93347,1.0,0.12211419,0.41253662
1098,802501.56,349632.44,301.42438,1.0,0.12211346,0.83709717
3198,802639.3,349702.72,306.80505,1.0,0.122072734,0.46899414
1651,802801.56,349432.44,320.92514,1.0,0.12202484,0.46047974
76,802976.56,350282.44,321.86978,1.0,0.121952005,0.4232483
758,802901.56,349782.44,318.5007,1.0,0.12194368,0.40441895
3381,803053.44,350023.0,301.92874,1.0,0.121852875,0.37820435
2371,802051.56,349132.44,354.37064,1.0,0.121729106,0.37091064
3026,802020.7,349219.56,353.47922,3.0,0.12170105,0.44869995
956,802326.56,349682.44,306.04376,1.0,0.12169025,0.31591797
2464,803126.56,349107.44,329.3431,1.0,0.12158353,0.40975952
2664,802426.56,348932.44,319.79385,1.0,0.121576324,0.34872437
458,802476.56,349932.44,299.54327,1.0,0.12154608,0.38006592
66,803351.56,350307.44,329.10175,5.0,0.121218815,0.43826294
1766,801951.56,349382.44,346.11575,1.0,0.12105312,0.39959717
3560,801992.1,349586.62,335.55347,1.0,0.12092743,0.5355835
107,803101.56,350257.44,322.72986,1.0,0.120925255,0.33666992
437,803151.56,349957.44,304.61383,1.0,0.120897636,0.34155273
3304,803477.25,350057.75,322.52927,1.0,0.12088986,0.38934326
2476,801951.56,349082.44,355.7191,1.0,0.12088567,0.3425293
3009,803055.56,349796.4,300.988,1.0,0.12072133,0.4210205
392,803001.56,349982.44,301.76175,2.0,0.12068141,0.40689087
1432,802401.56,349507.44,307.49362,1.0,0.12068128,0.42419434
364,802401.56,350007.44,309.92596,4.0,0.12067869,0.42523193
2951,802418.06,349581.66,303.3909,1.0,0.12038564,0.390625
3100,802711.56,349668.66,311.13293,4.0,0.12034266,0.49554443
1477,803626.56,349507.44,330.5802,1.0,0.12025246,0.35110474
3192,802708.6,349602.44,314.413,1.0,0.12024031,0.3956604
3305,803497.1,350051.72,323.1361,1.0,0.12015543,0.4003601
1398,803376.56,349532.44,326.94635,7.0,0.12010614,0.36184692
3164,802471.2,349129.16,316.95636,1.0,0.12004296,0.42974854
3153,802318.94,348970.4,320.62692,1.0,0.11996367,0.30062866
1593,803101.56,349457.44,312.89447,1.0,0.11979675,0.44125366
2312,801851.56,349157.44,357.0114,3.0,0.119786456,0.4083557
1275,803726.56,349582.44,332.69305,1.0,0.11975981,0.40930176
2256,801851.56,349182.44,358.90738,8.0,0.11966226,0.40176392
3202,802604.7,349759.72,304.07498,3.0,0.119513765,0.37606812
2428,802126.56,349107.44,344.40894,1.0,0.119508915,0.4447937
102,802976.56,350257.44,321.30478,4.0,0.11950664,0.41125488
3446,803336.1,350054.88,319.52365,1.0,0.11947706,0.35708618
3094,802632.9,349759.78,304.47818,1.0,0.11947632,0.36392212
3193,802700.3,349620.53,313.16763,1.0,0.11946098,0.407135
1690,801776.56,349407.44,340.02505,1.0,0.11942978,0.35031128
2565,802251.56,349032.44,331.42368,1.0,0.11933691,0.49942017
838,802426.56,349732.44,302.08975,1.0,0.119282424,0.3866577
3066,802627.25,349336.34,318.04965,1.0,0.11927771,0.43243408
174,803276.56,350207.44,318.99023,2.0,0.11925066,0.36828613
3231,802624.9,349282.72,319.83487,1.0,0.11923869,0.33084106
593,802301.56,349857.44,318.91638,1.0,0.119202174,0.46801758
2553,802801.56,349057.44,332.4289,2.0,0.11917005,0.4177246
1258,803301.56,349582.44,310.46384,1.0,0.11915239,0.3901062
1809,803351.56,349382.44,325.3076,1.0,0.11912166,0.47433472
1940,803301.56,349332.44,326.45233,1.0,0.11911541,0.3902893
3205,802646.4,349717.3,306.70218,1.0,0.11910514,0.44641113
3550,802690.1,349882.4,299.37946,1.0,0.119104594,0.3383789
2922,802276.56,348582.44,344.92087,1.0,0.1190699,0.33358765
2519,803176.56,349082.44,329.67563,1.0,0.11896566,0.19412231
3203,802618.56,349745.78,304.48315,1.0,0.11893141,0.40353394
1902,802051.56,349332.44,349.23038,1.0,0.11889335,0.41766357
1751,803576.56,349407.44,330.6573,3.0,0.11876187,0.37457275
1343,803701.56,349557.44,331.0663,3.0,0.118697375,0.38049316
2156,802201.56,349232.44,328.7228,1.0,0.11857875,0.5135498
650,802476.56,349832.44,300.23727,1.0,0.11852013,0.5147705
551,802501.56,349882.44,299.1933,1.0,0.118492015,1.2127075
1209,803701.56,349607.44,331.64883,1.0,0.118453965,0.3975525
2604,802676.56,349007.44,335.03806,1.0,0.11844463,0.40197754
2644,802501.56,348957.44,323.09082,1.0,0.11843113,0.4507141
280,803376.56,350132.44,324.77774,1.0,0.11830818,0.3466797
1284,802126.56,349557.44,331.56454,1.0,0.118286446,0.40664673
3387,802938.75,350001.34,299.58618,1.0,0.118144244,0.4295044
999,803576.56,349682.44,322.63095,1.0,0.11814238,0.38256836
406,803351.56,349982.44,319.84012,1.0,0.11811272,0.42858887
699,802501.56,349807.44,300.83817,1.0,0.11803942,0.85388184
2718,801976.56,348857.44,348.67673,1.0,0.11801853,0.41738892
713,803301.56,349807.44,305.35812,1.0,0.117942594,0.48147583
2328,802351.56,349157.44,318.2466,1.0,0.11793428,0.35406494
2735,802401.56,348857.44,322.21875,1.0,0.11792602,0.42181396
1444,802801.56,349507.44,320.37537,1.0,0.117884316,0.45257568
1662,803076.56,349432.44,317.30762,1.0,0.11787629,0.44177246
51,802976.56,350307.44,322.67932,1.0,0.11784805,0.41574097
3565,802075.2,349532.22,332.15762,1.0,0.11772467,0.6260681
1402,803476.56,349532.44,325.125,1.0,0.117667265,0.50271606
363,803626.56,350032.44,329.27335,1.0,0.117637545,0.39904785
3299,803377.44,350072.1,321.35657,1.0,0.11763157,0.32696533
695,802401.56,349807.44,304.0739,1.0,0.11739501,0.37112427
1141,803701.56,349632.44,330.7633,1.0,0.11727426,0.35403442
3160,802421.25,349067.12,318.43716,1.0,0.11721293,0.37200928
2535,802226.56,349057.44,331.90125,1.0,0.11718955,0.38278198
932,803526.56,349707.44,321.53296,1.0,0.11702398,0.4434204
3562,802025.4,349564.84,334.62842,1.0,0.11695722,0.585022
3191,802716.9,349584.25,315.54782,2.0,0.116916716,0.3897705
1929,803026.56,349332.44,322.3961,1.0,0.11685536,0.58599854
341,803576.56,350082.44,327.07983,1.0,0.116843455,0.3652954
3598,802370.25,349262.22,315.63086,1.0,0.11682029,0.53253174
101,802951.56,350257.44,320.1445,1.0,0.116819896,0.39672852
1723,802876.56,349407.44,318.55002,1.0,0.11680135,0.48986816
1932,803101.56,349332.44,320.7548,1.0,0.11679478,0.47961426
3603,802286.6,349315.97,317.91565,1.0,0.116772085,0.36657715
2150,802001.56,349232.44,354.00107,1.0,0.11677202,0.42788696
1489,801926.56,349482.44,340.26404,1.0,0.11676468,0.43688965
142,803251.56,350232.44,318.04767,1.0,0.116712645,0.38034058
3020,801896.06,349134.75,355.33087,1.0,0.11669036,0.51278687
2493,802376.56,349082.44,319.58536,1.0,0.1165973,0.379364
2232,802926.56,349207.44,325.06857,1.0,0.11658342,0.40985107
3638,802014.4,349548.12,334.62384,1.0,0.11657167,0.5104065
2176,802951.56,349232.44,324.45413,1.0,0.11651907,0.4564209
3300,803397.25,350070.1,321.36996,2.0,0.116263695,0.3468628
1169,802601.56,349607.44,317.59738,3.0,0.11612349,0.41036987
479,803151.56,349932.44,304.27786,1.0,0.11608034,0.2817688
2329,802376.56,349157.44,318.2452,1.0,0.11607325,0.32125854
3659,802363.4,349319.88,316.23892,1.0,0.11603581,0.4038086
339,803526.56,350082.44,326.55423,1.0,0.11601269,0.3923645
2803,802451.56,348782.44,331.52502,1.0,0.116000086,0.4046936
896,802426.56,349707.44,302.0909,5.0,0.115943685,0.36810303
3190,802723.25,349562.75,316.635,1.0,0.11581328,0.38894653
577,803276.56,349882.44,303.7213,3.0,0.11578719,0.40985107
3045,802354.2,349022.6,319.63312,1.0,0.115774915,0.39144897
949,802151.56,349682.44,331.42642,2.0,0.11573984,0.30047607
1876,803351.56,349357.44,326.7406,2.0,0.115711264,0.45559692
3534,802970.94,350032.16,300.1194,6.0,0.11569787,0.24450684
1966,802026.56,349307.44,350.16553,1.0,0.11559315,0.36257935
3605,802253.4,349337.72,319.1505,1.0,0.11559288,0.40655518
1830,801901.56,349357.44,344.07498,1.0,0.11544204,0.3447876
2060,803101.56,349282.44,325.03125,3.0,0.115387075,0.33621216
3653,802263.44,349384.94,319.61658,2.0,0.11535779,0.46533203
1796,803026.56,349382.44,319.8297,1.0,0.11518944,0.4895935
3162,802446.25,349098.12,317.84595,1.0,0.11516338,0.4463501
2301,803226.56,349182.44,328.3715,1.0,0.11508179,0.3777771
1153,802126.56,349607.44,331.94064,1.0,0.11503699,0.45614624
1569,802401.56,349457.44,307.80783,1.0,0.114961,0.32785034
52,803001.56,350307.44,324.25623,1.0,0.11492606,0.4038086
2859,802001.56,348682.44,348.40057,1.0,0.11475976,0.3953247
291,802751.56,350107.44,299.29047,1.0,0.114733875,0.3607483
1204,803576.56,349607.44,326.90018,1.0,0.11472233,0.35482788
1622,801801.56,349432.44,339.42648,3.0,0.11471451,0.3998108
1036,802776.56,349657.44,319.9355,1.0,0.114571154,0.44436646
2257,801876.56,349182.44,358.92886,1.0,0.114504755,0.396698
600,802476.56,349857.44,299.65765,1.0,0.114490405,0.7767029
3590,802490.8,349259.84,315.2608,1.0,0.11446939,0.57321167
3210,802706.3,349641.03,312.22614,1.0,0.11445363,0.43862915
971,802876.56,349682.44,319.10205,1.0,0.114434846,0.35769653
1306,802676.56,349557.44,319.562,1.0,0.11440771,0.40805054
649,802451.56,349832.44,301.4882,1.0,0.11440765,0.42703247
3666,802476.25,349246.1,315.25256,3.0,0.11438389,0.56204224
103,803001.56,350257.44,322.44727,1.0,0.11436602,0.40148926
3464,803656.0,349934.25,325.7906,6.0,0.11435967,0.3189392
826,802126.56,349732.44,336.70645,1.0,0.11435791,0.38980103
1865,803076.56,349357.44,320.39185,1.0,0.11401091,0.45166016
120,803426.56,350257.44,328.9498,1.0,0.1139963,0.3834839
1707,802376.56,349407.44,309.9188,1.0,0.1139862,0.48501587
1691,801801.56,349407.44,340.04382,1.0,0.11396944,0.38101196
3151,802287.3,348946.2,321.6263,2.0,0.11395633,0.36950684
2275,802451.56,349182.44,315.98038,1.0,0.11385904,0.38946533
2186,803201.56,349232.44,326.8095,3.0,0.11377328,0.33694458
2711,802401.56,348882.44,322.0224,1.0,0.113734245,0.40808105
1805,803251.56,349382.44,321.53125,1.0,0.1135898,0.36221313
11,802976.56,350357.44,323.87296,1.0,0.11349044,0.3824463
670,803251.56,349832.44,303.45175,1.0,0.11346868,0.29336548
1732,803101.56,349407.44,312.86002,1.0,0.11338519,0.39486694
2003,803276.56,349307.44,326.1075,1.0,0.11332397,0.335083
2828,802101.56,348732.44,345.38864,1.0,0.113270424,0.38171387
1903,802076.56,349332.44,349.9333,1.0,0.11316086,0.49993896
2273,802401.56,349182.44,317.25168,1.0,0.11312554,0.3904724
3055,802481.06,349172.6,315.98038,3.0,0.11312131,0.37088013
3172,802573.6,349250.1,317.60876,1.0,0.11310906,0.36038208
659,802826.56,349832.44,308.66577,2.0,0.11310155,0.31048584
2114,802901.56,349257.44,323.5408,1.0,0.1130602,0.5173645
529,803276.56,349907.44,304.5425,2.0,0.11305564,0.3149414
254,802726.56,350132.44,297.9705,1.0,0.11305189,0.3403015
2028,801976.56,349282.44,357.81668,1.0,0.11293053,0.3078308
2064,803201.56,349282.44,325.99136,2.0,0.11292966,0.30203247
3592,802481.75,349216.28,315.3451,1.0,0.11288193,0.49313354
1557,801926.56,349457.44,341.512,1.0,0.11287481,0.36315918
3119,802680.4,349312.75,322.9445,1.0,0.112819195,0.37783813
3025,801997.44,349209.94,355.02222,2.0,0.112734616,0.40426636
279,803351.56,350132.44,323.99637,1.0,0.1127199,0.45889282
275,803251.56,350132.44,317.43994,1.0,0.112719156,0.50341797
2831,802176.56,348732.44,344.45053,1.0,0.11271696,0.32910156
3102,802733.2,349632.78,313.7577,1.0,0.112707324,0.3826599
1746,803451.56,349407.44,325.6504,1.0,0.11270417,0.34259033
475,803051.56,349932.44,300.09784,1.0,0.112490416,0.32321167
2128,803251.56,349257.44,326.8207,2.0,0.11236224,0.3843689
888,802226.56,349707.44,325.308,1.0,0.11208136,0.42364502
2330,802401.56,349157.44,318.0475,1.0,0.11206501,0.43640137
1125,803301.56,349632.44,311.03018,1.0,0.11194513,0.39642334
1749,803526.56,349407.44,329.40762,1.0,0.11194464,0.3217163
3639,802031.0,349537.25,333.9236,2.0,0.11192187,0.48739624
669,803226.56,349832.44,303.119,1.0,0.11186071,0.35324097
2188,803251.56,349232.44,327.4555,1.0,0.11185353,0.39385986
171,803201.56,350207.44,315.57434,1.0,0.11181954,0.3451233
3561,802008.75,349575.72,334.9575,3.0,0.111765265,0.37561035
3039,802259.3,348949.97,321.7275,2.0,0.111665495,0.3730774
3455,803508.94,350026.16,322.75342,7.0,0.11161824,0.36801147
1473,803526.56,349507.44,326.02145,1.0,0.111601524,0.3802185
1016,802101.56,349657.44,334.45035,1.0,0.111525215,0.34481812
2377,802201.56,349132.44,336.5602,1.0,0.11143007,0.4036255
2853,802276.56,348707.44,343.34552,3.0,0.11122535,0.31558228
2960,802533.9,349708.7,300.95377,1.0,0.111214966,1.3302307
3293,803257.9,350079.47,315.59717,1.0,0.11120606,0.2842102
3189,802726.25,349543.06,317.49188,1.0,0.11119865,0.40725708
1375,802801.56,349532.44,320.37997,1.0,0.11115158,0.42474365
2061,803126.56,349282.44,325.19955,1.0,0.111035004,0.36050415
1944,803401.56,349332.44,328.24832,1.0,0.11102341,0.3993225
2067,803276.56,349282.44,327.19818,1.0,0.110999,0.3491516
644,802326.56,349832.44,316.9166,1.0,0.11098314,0.45941162
1692,801826.56,349407.44,340.0976,1.0,0.110924676,0.411438
1661,803051.56,349432.44,318.38895,1.0,0.11089344,0.41064453
840,802476.56,349732.44,301.23734,1.0,0.11085174,1.0429077
2812,802176.56,348757.44,344.41928,2.0,0.11083198,0.3397827
829,802201.56,349732.44,327.1082,1.0,0.11081781,0.318573
239,803226.56,350157.44,315.43808,4.0,0.110691026,0.45529175
54,803051.56,350307.44,325.81503,1.0,0.11066186,0.39151
3274,802881.44,350046.53,299.8686,2.0,0.11064008,0.33233643
2933,802416.2,349609.25,302.6313,1.0,0.110589765,0.3668518
3601,802319.94,349294.22,317.00064,1.0,0.11056425,0.36141968
422,802601.56,349957.44,298.4068,1.0,0.11048848,0.63897705
1993,803026.56,349307.44,323.60834,1.0,0.11025042,0.6615906
3404,802661.75,349826.44,302.15775,1.0,0.11020988,0.38989258
2174,802901.56,349232.44,324.6822,1.0,0.11019008,0.29483032
572,803151.56,349882.44,300.98627,1.0,0.110021874,0.6265869
866,803451.56,349732.44,320.77704,1.0,0.109999806,0.28585815
584,803451.56,349882.44,307.8978,1.0,0.10991126,0.36053467
2085,801876.56,349257.44,358.02316,2.0,0.1098848,0.3633423
2376,802176.56,349132.44,340.67923,1.0,0.10982954,0.3154602
1142,803726.56,349632.44,333.39786,1.0,0.109826975,0.36462402
391,802976.56,349982.44,301.20477,1.0,0.10974544,0.35787964
3665,802463.94,349256.03,315.22006,1.0,0.10969641,0.57891846
38,803201.56,350332.44,326.915,2.0,0.10968365,0.45629883
3453,803472.3,350038.38,322.00134,1.0,0.109680496,0.2852478
3197,802652.8,349686.94,308.13602,2.0,0.10961383,0.42370605
1492,802201.56,349482.44,324.63882,1.0,0.109596975,0.4169922
1555,801876.56,349457.44,339.63947,1.0,0.10951057,0.29660034
3401,802703.3,349867.34,299.48126,1.0,0.10948946,0.38723755
3558,801958.94,349608.38,336.5023,1.0,0.10944872,0.42416382
1271,803626.56,349582.44,328.13654,1.0,0.109440014,0.35476685
3454,803490.44,350032.88,322.375,1.0,0.10934189,0.33566284
3514,803371.2,350032.47,320.26227,1.0,0.10928163,0.43850708
841,802501.56,349732.44,300.78946,2.0,0.10915517,1.4904175
1828,801851.56,349357.44,343.7416,2.0,0.10897033,0.38391113
2482,802101.56,349082.44,348.9916,2.0,0.10870806,0.3841858
1696,801926.56,349407.44,343.96875,1.0,0.10863165,0.4517212
3200,802611.5,349731.53,304.55313,1.0,0.108627446,0.45870972
318,803426.56,350107.44,324.68042,1.0,0.10856302,0.31292725
3171,802560.2,349235.6,316.57117,1.0,0.108536154,0.3380432
2130,803301.56,349257.44,327.8145,1.0,0.10849022,0.3630371
2642,802451.56,348957.44,319.6641,3.0,0.108458325,0.35494995
2315,802026.56,349157.44,354.93964,2.0,0.10839542,0.3748169
2133,803376.56,349257.44,329.59042,5.0,0.10828124,0.38360596
3664,802447.2,349266.7,315.17148,1.0,0.10822967,0.5817566
3365,803369.3,350012.53,320.2591,1.0,0.108214796,0.42303467
2187,803226.56,349232.44,327.04105,1.0,0.108167306,0.29614258
78,803026.56,350282.44,324.69446,1.0,0.108085856,0.3769226
1400,803426.56,349532.44,325.67633,1.0,0.10807793,0.36895752
93,803401.56,350282.44,330.5977,2.0,0.10804877,0.365448
75,802951.56,350282.44,320.4598,2.0,0.10798067,0.32546997
3657,802329.9,349341.4,317.01746,4.0,0.1079584,0.3322754
2197,803476.56,349232.44,332.57227,1.0,0.10794937,0.19165039
2689,802476.56,348907.44,323.21497,2.0,0.107904375,0.38290405
53,803026.56,350307.44,325.37823,1.0,0.10781454,0.37213135
1420,801926.56,349507.44,337.789,1.0,0.1077206,0.4743042
2778,802351.56,348807.44,325.22662,1.0,0.10767449,0.43301392
2841,801976.56,348707.44,348.42477,1.0,0.1076419,0.37164307
770,803676.56,349782.44,327.33057,1.0,0.10757826,0.5787964
2274,802426.56,349182.44,316.55276,1.0,0.10755715,0.3637085
1412,803726.56,349532.44,332.03137,2.0,0.107504025,0.38165283
3027,802043.6,349228.38,352.684,1.0,0.10746168,0.3706665
3079,802703.5,349559.72,316.6436,1.0,0.1073194,0.3812256
2131,803326.56,349257.44,328.28125,4.0,0.10731236,0.37356567
1787,802801.56,349382.44,322.01184,3.0,0.1072412,0.40548706
3211,802715.06,349624.4,313.3126,1.0,0.107120454,0.440979
996,803501.56,349682.44,327.32687,1.0,0.10710249,0.27557373
3280,802998.3,350078.06,301.8662,1.0,0.1069813,0.3441162
2725,802151.56,348857.44,345.2598,1.0,0.1069107,0.3232422
3291,803218.2,350081.8,312.8048,1.0,0.106867574,0.3798523
1085,802101.56,349632.44,334.1131,1.0,0.10677821,0.38189697
3288,803158.56,350085.28,308.08112,1.0,0.106691554,0.29904175
2359,803251.56,349157.44,329.17313,1.0,0.10665707,0.37231445
642,802276.56,349832.44,320.37228,2.0,0.10656024,0.43865967
685,803626.56,349832.44,323.00558,1.0,0.1065221,0.37280273
3065,802613.6,349321.84,317.13446,1.0,0.10651751,0.3470459
95,802801.56,350257.44,308.96658,1.0,0.106473185,0.38311768
2247,803301.56,349207.44,328.82263,1.0,0.106466904,0.3764038
1682,803576.56,349432.44,330.66934,1.0,0.10644768,0.35720825
432,803026.56,349957.44,300.5746,1.0,0.106182136,0.36575317
2314,802001.56,349157.44,356.11017,3.0,0.106167056,0.35531616
2373,802101.56,349132.44,345.9141,1.0,0.10614107,0.4293518
2829,802126.56,348732.44,344.9427,1.0,0.10613251,0.36203003
3549,802705.1,349895.5,299.0415,1.0,0.106117815,0.4065857
2059,803076.56,349282.44,324.81525,1.0,0.10611613,0.38528442
2011,803476.56,349307.44,330.2998,1.0,0.10610883,0.37582397
1028,802401.56,349657.44,302.8256,1.0,0.10610233,0.37283325
1139,803651.56,349632.44,328.1833,1.0,0.1060825,0.34866333
2587,802126.56,349007.44,335.20148,1.0,0.10607484,0.3123169
1203,803551.56,349607.44,326.48816,1.0,0.10603562,0.28347778
2948,802605.9,349823.4,302.20816,1.0,0.10592694,0.47180176
1827,801826.56,349357.44,343.17795,1.0,0.10587444,0.49813843
1501,802426.56,349482.44,307.53125,1.0,0.105775565,0.5260315
1775,802376.56,349382.44,310.50394,3.0,0.105738245,0.30215454
2105,802676.56,349257.44,324.16934,1.0,0.105704084,0.3307495
3011,803017.75,349809.16,306.40775,1.0,0.10569769,0.3728943
2810,802126.56,348757.44,344.93747,1.0,0.105687685,0.34783936
1172,802776.56,349607.44,320.61322,1.0,0.10566582,0.37835693
1835,802026.56,349357.44,348.8759,1.0,0.10564784,0.3499756
1001,803626.56,349682.44,323.7221,1.0,0.10561521,0.385437
2792,802176.56,348782.44,344.41928,1.0,0.105612665,0.28988647
3105,802756.44,349575.34,317.09262,1.0,0.10560156,0.37261963
1270,803601.56,349582.44,327.58054,1.0,0.10556905,0.39361572
757,802876.56,349782.44,319.27332,1.0,0.105533674,0.35549927
2185,803176.56,349232.44,326.5287,1.0,0.105522186,0.30099487
43,803326.56,350332.44,328.3487,1.0,0.10551859,0.3612671
366,802451.56,350007.44,301.72125,2.0,0.10548316,0.3395996
3152,802303.1,348958.3,320.9936,3.0,0.105344996,0.3540039
2181,803076.56,349232.44,325.64972,1.0,0.10525354,0.3597107
1368,802526.56,349532.44,307.74722,3.0,0.105241716,0.36743164
2233,802951.56,349207.44,325.07358,1.0,0.1051945,0.36889648
3104,802749.8,349596.53,315.9776,1.0,0.105095066,0.34710693
253,802701.56,350132.44,296.44138,1.0,0.105012454,0.44223022
3083,802673.2,349627.72,312.47607,1.0,0.10496443,0.33822632
1769,802026.56,349382.44,348.48538,1.0,0.10481861,0.39892578
3295,803297.6,350077.16,318.07382,1.0,0.104722045,0.40289307
449,803451.56,349957.44,321.29343,1.0,0.104542345,0.5935669
3103,802741.5,349614.7,314.7848,1.0,0.10447197,0.31451416
2647,802576.56,348957.44,326.0918,1.0,0.10447147,0.44656372
2967,802621.1,349810.47,303.28125,2.0,0.10445059,0.3314209
354,802451.56,350032.44,303.27377,1.0,0.10444316,0.36914062
2686,802401.56,348907.44,321.54935,1.0,0.1043424,0.3258667
894,802376.56,349707.44,304.6396,1.0,0.10432572,0.41522217
875,803676.56,349732.44,327.35275,1.0,0.10432532,0.70428467
787,802401.56,349757.44,303.18805,2.0,0.1043195,0.37564087
3303,803457.06,350062.06,322.4125,1.0,0.10429867,0.34829712
830,802226.56,349732.44,325.34354,4.0,0.10413799,0.38406372
1817,803551.56,349382.44,330.77292,1.0,0.103936724,0.3305664
1370,802576.56,349532.44,308.74094,1.0,0.10375224,0.35928345
1881,803476.56,349357.44,329.2833,11.0,0.10373357,0.2902527
173,803251.56,350207.44,317.6044,5.0,0.10371245,0.3572693
3611,802153.8,349403.0,324.77533,1.0,0.10370691,0.3816223
3059,802532.06,349233.78,315.71875,1.0,0.10370045,0.33087158
3047,802380.7,349048.66,319.2093,1.0,0.10362036,0.3757019
70,802826.56,350282.44,310.00848,5.0,0.1035632,0.34732056
2117,802976.56,349257.44,324.37158,1.0,0.10353965,0.31607056
1854,802801.56,349357.44,322.61414,3.0,0.10353538,0.39141846
2200,801826.56,349207.44,359.06842,1.0,0.10348415,0.35031128
1650,802776.56,349432.44,321.678,1.0,0.103473365,0.43685913
417,802476.56,349957.44,298.75107,1.0,0.10334395,0.41394043
960,802426.56,349682.44,302.1982,1.0,0.10332817,0.29626465
591,803776.56,349882.44,330.9445,1.0,0.103299335,0.31015015
3163,802458.7,349113.66,317.15625,1.0,0.10329265,0.36032104
1621,801776.56,349432.44,339.34,1.0,0.10327423,0.434906
3188,802727.94,349521.84,318.4679,1.0,0.10326013,0.3633728
1883,803526.56,349357.44,330.6483,4.0,0.10323959,0.34448242
1218,802126.56,349582.44,332.1223,9.0,0.10314244,0.34228516
1678,803476.56,349432.44,326.08868,1.0,0.1030857,0.3466797
2317,802076.56,349157.44,350.6082,1.0,0.10308144,0.37722778
1505,802526.56,349482.44,307.9907,4.0,0.103056595,0.34625244
22,803251.56,350357.44,326.38617,2.0,0.103042156,0.5404663
2180,803051.56,349232.44,325.30386,1.0,0.10302032,0.3076172
2546,802626.56,349057.44,325.92245,1.0,0.1030192,0.3454895
691,802301.56,349807.44,319.38245,1.0,0.103001386,0.36160278
172,803226.56,350207.44,315.7203,1.0,0.1029083,0.32492065
2961,802546.75,349723.06,301.38672,2.0,0.10289837,0.8961487
2550,802726.56,349057.44,332.92307,1.0,0.1027775,0.322937
2203,801901.56,349207.44,358.7568,2.0,0.10276312,0.33743286
3156,802366.4,349006.72,319.65683,1.0,0.102727875,0.41241455
104,803026.56,350257.44,323.6332,2.0,0.10269266,0.3324585
850,802901.56,349732.44,320.09933,1.0,0.10259102,0.258667
1072,803676.56,349657.44,328.418,1.0,0.10248875,0.29867554
2665,802451.56,348932.44,319.8902,1.0,0.10244927,0.37490845
2325,802276.56,349157.44,326.76096,1.0,0.102417886,0.34240723
350,802851.56,350057.44,300.7728,1.0,0.102273084,0.36758423
3296,803317.44,350076.0,318.88635,1.0,0.10220742,0.36083984
480,803176.56,349932.44,304.31995,1.0,0.10213599,0.31256104
2206,802076.56,349207.44,351.1391,1.0,0.10208622,0.33792114
2132,803351.56,349257.44,328.8732,1.0,0.102061585,0.370636
2578,802701.56,349032.44,334.21866,1.0,0.10195831,0.3955078
3118,802693.75,349327.94,322.6512,5.0,0.10191946,0.33270264
196,803001.56,350182.44,317.1784,7.0,0.1018424,0.32913208
1629,801976.56,349432.44,348.1525,1.0,0.10183661,0.31918335
3096,802660.7,349731.28,306.84412,1.0,0.10153651,0.4547119
736,802251.56,349782.44,322.4719,1.0,0.10140848,0.35931396
2736,802426.56,348857.44,322.20886,1.0,0.10124915,0.30282593
3199,802625.44,349717.28,305.65964,1.0,0.10117567,0.39364624
1446,802851.56,349507.44,318.29443,2.0,0.10113813,0.44659424
1200,803476.56,349607.44,325.73572,1.0,0.101049006,0.27890015
1308,802826.56,349557.44,319.7129,1.0,0.10102459,0.3934021
2068,803301.56,349282.44,327.40497,3.0,0.10102414,0.30136108
729,803701.56,349807.44,329.04852,1.0,0.100922465,0.35180664
2498,802626.56,349082.44,324.7164,1.0,0.100770205,0.4093933
3422,802868.3,350021.56,298.96603,1.0,0.10075693,0.43893433
563,802926.56,349882.44,298.94952,1.0,0.10074296,0.58221436
259,802851.56,350132.44,305.13873,1.0,0.10070371,0.51031494
2871,802301.56,348682.44,343.49603,1.0,0.100483336,0.3972473
3010,803036.56,349799.6,302.8565,1.0,0.10042599,0.35284424
1995,803076.56,349307.44,322.88504,1.0,0.10040881,0.4232788
1545,803626.56,349482.44,331.72763,2.0,0.100364864,0.2647705
2424,802026.56,349107.44,355.6821,1.0,0.10015777,0.35202026
700,802526.56,349807.44,300.8259,1.0,0.10000446,0.69595337
1996,803101.56,349307.44,322.88504,1.0,0.09982804,0.4206543
1011,801976.56,349657.44,338.26532,1.0,0.099584036,0.3493042
2245,803251.56,349207.44,327.84982,1.0,0.09947855,0.36480713
495,803551.56,349932.44,323.72845,1.0,0.09940067,0.5336914
2724,802126.56,348857.44,345.5224,3.0,0.099341445,0.29464722
1349,801851.56,349532.44,339.04617,2.0,0.09927812,0.47753906
2612,802126.56,348982.44,334.53796,1.0,0.09927132,0.24450684
675,803376.56,349832.44,305.96027,1.0,0.09918712,0.29821777
1945,803426.56,349332.44,328.79434,4.0,0.09915608,0.3536377
1641,802476.56,349432.44,308.1235,1.0,0.099072814,0.5777893
1719,802776.56,349407.44,322.0392,1.0,0.0990518,0.36291504
1140,803676.56,349632.44,329.07718,1.0,0.09886914,0.32473755
74,802926.56,350282.44,319.00073,1.0,0.098868124,0.36642456
727,803651.56,349807.44,323.03278,1.0,0.09886492,0.33529663
2375,802151.56,349132.44,344.30978,1.0,0.09883926,0.35324097
801,802901.56,349757.44,320.0,4.0,0.09875002,0.342865
3232,802611.25,349268.2,319.2197,1.0,0.09874337,0.24020386
510,802801.56,349907.44,298.84363,1.0,0.09856921,0.61151123
474,803026.56,349932.44,299.46973,2.0,0.098555565,0.28082275
1821,801676.56,349357.44,356.16446,1.0,0.09845741,0.2824402
2909,802176.56,348607.44,346.7569,1.0,0.09841702,0.29614258
1217,802101.56,349582.44,333.006,1.0,0.098389834,0.3461914
2887,802301.56,348657.44,344.35254,1.0,0.098383635,0.42227173
2962,802559.3,349737.62,301.9045,1.0,0.098336145,0.3821106
12,803001.56,350357.44,325.85526,1.0,0.098327495,0.29315186
2930,802390.44,349581.03,303.36652,1.0,0.09831594,0.2892151
3058,802519.3,349218.47,315.71875,1.0,0.0982243,0.3010559
2390,802651.56,349132.44,324.58322,1.0,0.09822258,0.36358643
1765,801926.56,349382.44,343.9758,2.0,0.09817369,0.42858887
1138,803626.56,349632.44,328.1933,1.0,0.098149024,0.3526001
998,803551.56,349682.44,322.95004,1.0,0.098103635,0.3050232
2411,803176.56,349132.44,329.36234,1.0,0.09805833,0.27383423
1410,803676.56,349532.44,331.1045,2.0,0.098013066,0.35263062
2244,803226.56,349207.44,327.42426,5.0,0.09791102,0.3232727
3052,802443.1,349126.2,317.15625,1.0,0.09787502,0.2979126
255,802751.56,350132.44,299.33185,1.0,0.097873114,0.36987305
672,803301.56,349832.44,304.18625,1.0,0.09785407,0.35916138
3212,802723.4,349606.3,314.4746,1.0,0.09781145,0.4225464
3129,802546.9,349165.7,316.27972,1.0,0.09777029,0.38128662
995,803476.56,349682.44,326.85812,1.0,0.097722106,0.31402588
775,802101.56,349757.44,337.28952,5.0,0.097682945,0.2862854
2941,802519.06,349722.2,300.801,1.0,0.097659096,1.4821167
2528,802051.56,349057.44,353.72473,1.0,0.09760133,0.35498047
645,802351.56,349832.44,314.2272,1.0,0.0975994,0.30596924
2699,802101.56,348882.44,346.22784,1.0,0.09757581,0.24084473
1017,802126.56,349657.44,331.7187,1.0,0.09747626,0.34899902
1556,801901.56,349457.44,340.1875,1.0,0.09743684,0.29544067
3276,802919.5,350058.2,300.19138,1.0,0.09742148,0.3703003
2289,802926.56,349182.44,325.5764,1.0,0.09741032,0.34683228
2291,802976.56,349182.44,325.79343,1.0,0.09729875,0.29992676
2190,803301.56,349232.44,328.1589,1.0,0.09728616,0.2993164
2952,802430.94,349595.78,303.03088,1.0,0.097071305,0.37106323
771,803701.56,349782.44,329.57974,1.0,0.0970623,0.28616333
2646,802551.56,348957.44,323.61362,1.0,0.096963234,0.36849976
2104,802526.56,349257.44,315.89096,3.0,0.09693931,0.29397583
3452,803453.6,350042.38,321.74948,1.0,0.096933514,0.2524414
211,803376.56,350182.44,324.83798,2.0,0.09681506,0.3751526
1612,803576.56,349457.44,330.58365,1.0,0.09676244,0.35635376
85,803201.56,350282.44,318.0587,3.0,0.09673094,0.31393433
2453,802851.56,349107.44,327.42743,1.0,0.09657778,0.34484863
3703,801865.9,349615.53,337.90625,1.0,0.09654214,0.3503723
344,802701.56,350057.44,298.43796,1.0,0.09643006,0.36135864
1474,803551.56,349507.44,326.3298,1.0,0.096403666,0.30038452
1665,803151.56,349432.44,310.18524,1.0,0.09631907,0.32861328
1012,802001.56,349657.44,337.0571,1.0,0.096137054,0.33361816
244,803351.56,350157.44,324.1999,1.0,0.09612053,0.3855896
1921,802826.56,349332.44,323.0176,1.0,0.09606324,0.31835938
3217,802743.25,349515.12,318.8626,1.0,0.09601457,0.38272095
2189,803276.56,349232.44,327.88535,1.0,0.09598151,0.34750366
3234,802584.0,349239.2,317.64212,3.0,0.095967546,0.25534058
482,803226.56,349932.44,305.7381,1.0,0.0958888,0.3591919
3513,803391.06,350030.5,320.70932,1.0,0.09579693,0.3670349
3636,801981.2,349569.88,335.57727,2.0,0.09573455,0.43328857
81,803101.56,350282.44,325.014,1.0,0.09568457,0.3328247
2012,803501.56,349307.44,330.669,1.0,0.09565786,0.35144043
550,802476.56,349882.44,299.8052,5.0,0.095608436,0.6275635
3284,803077.75,350085.38,302.6793,2.0,0.09556858,0.33145142
367,802476.56,350007.44,298.81885,1.0,0.095504574,0.34631348
1730,803051.56,349407.44,319.555,1.0,0.09529652,0.37252808
3490,803773.25,349791.56,331.2994,1.0,0.095168084,0.34225464
816,803626.56,349757.44,322.15643,1.0,0.09513589,0.44503784
1499,802376.56,349482.44,307.6878,1.0,0.095075995,0.31097412
1193,803301.56,349607.44,310.62997,1.0,0.09502186,0.31118774
2790,802126.56,348782.44,345.12457,1.0,0.0949727,0.27294922
2370,802026.56,349132.44,356.0658,3.0,0.09493468,0.33981323
106,803076.56,350257.44,323.31644,4.0,0.094839856,0.30847168
1107,802851.56,349632.44,320.5825,1.0,0.09479946,0.29281616
2994,803445.7,349777.06,313.42102,1.0,0.094770096,0.45407104
2243,803201.56,349207.44,327.13013,1.0,0.09471924,0.29016113
375,803651.56,350007.44,329.11313,2.0,0.09454626,0.40057373
2851,802226.56,348707.44,343.94833,1.0,0.09453287,0.25820923
30,803001.56,350332.44,325.59775,1.0,0.09453042,0.33099365
2379,802251.56,349132.44,328.9558,1.0,0.094474226,0.4480896
1405,803551.56,349532.44,326.71237,1.0,0.094349325,0.36203003
3091,802578.1,349757.44,303.01654,1.0,0.094343044,0.3725891
2008,803401.56,349307.44,328.7676,1.0,0.09424346,0.2805786
1506,802551.56,349482.44,308.66528,1.0,0.09414561,0.2871704
230,803001.56,350157.44,316.92255,1.0,0.094145164,0.42294312
3176,802628.2,349308.16,320.29196,1.0,0.093962274,0.29559326
2065,803226.56,349282.44,326.47174,5.0,0.09391792,0.34457397
2768,802101.56,348807.44,345.9274,1.0,0.09391302,0.31744385
3049,802405.7,349079.66,318.46024,1.0,0.093868285,0.3241272
3101,802723.5,349651.25,312.42505,1.0,0.09384108,0.3243103
351,803551.56,350057.44,325.67078,1.0,0.09371885,0.40411377
1149,802026.56,349607.44,335.86502,2.0,0.093710735,0.28671265
2031,802051.56,349282.44,350.51398,1.0,0.0936485,0.291687
1818,803576.56,349382.44,330.92737,1.0,0.093549065,0.271698
506,802551.56,349907.44,299.53806,1.0,0.09352366,0.6079407
329,802776.56,350082.44,299.87018,1.0,0.09352064,0.3263855
2694,801976.56,348882.44,348.9151,1.0,0.09349075,0.27209473
3399,802733.25,349893.53,298.86548,1.0,0.09348572,0.5715637
2884,802226.56,348657.44,345.10513,2.0,0.09348046,0.3159485
1933,803126.56,349332.44,320.24826,1.0,0.093477726,0.4597168
3281,803018.1,350079.94,301.90033,1.0,0.09345553,0.3390503
327,802726.56,350082.44,298.78146,1.0,0.0934361,0.30020142
1341,803651.56,349557.44,329.2087,1.0,0.09338519,0.38739014
2808,802076.56,348757.44,345.80722,1.0,0.09334516,0.2763672
505,802526.56,349907.44,299.53806,6.0,0.09330522,0.64868164
1283,802101.56,349557.44,332.47665,1.0,0.09321613,0.33270264
3563,802041.94,349553.97,333.9496,3.0,0.0931704,0.4901123
2627,802651.56,348982.44,335.1454,1.0,0.09311639,0.3487854
167,803101.56,350207.44,318.78564,1.0,0.09310273,0.3126831
1856,802851.56,349357.44,320.98367,1.0,0.09309477,0.29882812
1768,802001.56,349382.44,348.48282,1.0,0.09308491,0.36239624
1513,802826.56,349482.44,319.4139,3.0,0.09302574,0.28170776
1377,802851.56,349532.44,318.29205,1.0,0.09298672,0.41629028
2134,803401.56,349257.44,330.1602,2.0,0.09297246,0.33233643
3471,803755.3,349837.22,329.71146,3.0,0.0929631,0.32589722
2217,802351.56,349207.44,318.04083,1.0,0.0928957,0.29119873
2191,803326.56,349232.44,328.6347,1.0,0.09288998,0.308136
2547,802651.56,349057.44,326.01868,1.0,0.092888616,0.3597107
3456,803527.3,350019.03,322.97015,1.0,0.09284261,0.2534485
119,803401.56,350257.44,328.9752,4.0,0.09282797,0.36273193
1511,802676.56,349482.44,321.08972,2.0,0.09270298,0.29458618
3005,803154.5,349803.9,304.1168,1.0,0.092700005,0.3269348
2260,802076.56,349182.44,351.47913,3.0,0.09263605,0.3088684
2075,803476.56,349282.44,331.46152,1.0,0.09263291,0.32540894
3352,803602.2,349929.1,325.0252,1.0,0.09252424,0.405365
1930,803051.56,349332.44,322.1949,1.0,0.09251617,0.48110962
3095,802646.75,349745.53,305.58994,1.0,0.09250247,0.38897705
652,802526.56,349832.44,300.25336,1.0,0.092482924,0.6852417
29,802976.56,350332.44,323.77097,1.0,0.09246072,0.32962036
3146,802312.44,348921.34,321.48877,1.0,0.09239118,0.2930298
640,803801.56,349857.44,331.27243,4.0,0.09232529,0.2850647
3661,802396.9,349298.6,315.69067,3.0,0.092302576,0.37597656
317,803401.56,350107.44,324.45844,1.0,0.09224939,0.24719238
2480,802051.56,349082.44,354.07648,1.0,0.09222646,0.32489014
284,803476.56,350132.44,327.49606,1.0,0.09212555,0.288208
878,803751.56,349732.44,333.10757,4.0,0.0920236,0.30648804
436,803126.56,349957.44,304.0707,2.0,0.09200094,0.34970093
2135,803426.56,349257.44,331.02347,2.0,0.09199388,0.30297852
3174,802600.94,349279.12,319.25082,1.0,0.09196225,0.30047607
3037,802052.6,349205.03,352.9473,1.0,0.09194296,0.2619934
2254,803476.56,349207.44,332.58722,1.0,0.09193713,0.15032959
2463,803101.56,349107.44,328.51816,4.0,0.09186478,0.31048584
2331,802426.56,349157.44,317.027,1.0,0.091775924,0.34197998
2302,803251.56,349182.44,328.41437,1.0,0.091756076,0.37756348
3495,803702.3,349861.3,327.73935,1.0,0.09169918,0.33096313
2119,803026.56,349257.44,324.6494,2.0,0.09169401,0.24151611
935,803601.56,349707.44,322.0099,1.0,0.09167013,0.24694824
3093,802618.9,349773.94,303.76672,2.0,0.09165787,0.2846985
3061,802559.06,349263.78,316.15887,1.0,0.09159943,0.26132202
2120,803051.56,349257.44,324.89252,1.0,0.09144179,0.26174927
2770,802151.56,348807.44,344.86285,1.0,0.0913904,0.24243164
2318,802101.56,349157.44,350.62726,1.0,0.09128605,0.38027954
2374,802126.56,349132.44,344.80798,1.0,0.09125625,0.3130188
578,803301.56,349882.44,304.27206,1.0,0.09125227,0.3236084
2280,802701.56,349182.44,325.2581,1.0,0.091247074,0.32147217
3140,802407.4,348995.8,319.4779,4.0,0.0912417,0.3130188
598,802426.56,349857.44,302.90262,1.0,0.09120051,0.3413086
3511,803431.06,350025.84,321.49857,3.0,0.091169514,0.3326416
283,803451.56,350132.44,326.53278,1.0,0.09107474,0.2887268
3120,802666.75,349298.03,323.04156,1.0,0.090997696,0.40518188
1948,803501.56,349332.44,330.3012,1.0,0.0909939,0.31692505
895,802401.56,349707.44,303.0995,2.0,0.09096305,0.31121826
948,802126.56,349682.44,331.7187,1.0,0.09093139,0.29782104
2179,803026.56,349232.44,325.0912,1.0,0.09089788,0.2815857
3024,801974.3,349197.7,356.10135,6.0,0.09089272,0.3178711
2184,803151.56,349232.44,326.28903,1.0,0.09084282,0.32131958
2910,802201.56,348607.44,346.43,2.0,0.090705745,0.28707886
1029,802426.56,349657.44,301.92722,1.0,0.090688005,0.3795166
3035,802007.56,349187.1,355.31857,1.0,0.09068785,0.3300476
3347,803674.1,349861.0,325.91537,3.0,0.09058491,0.3324585
2271,802351.56,349182.44,318.0667,1.0,0.09054987,0.30950928
3161,802433.75,349082.62,318.14108,1.0,0.09053621,0.28536987
1216,802076.56,349582.44,334.6621,1.0,0.090488754,0.34640503
2949,802405.2,349567.53,303.47604,1.0,0.09045446,0.39227295
3470,803741.1,349851.2,328.7628,1.0,0.09042955,0.32061768
3173,802587.3,349264.6,318.48453,1.0,0.09039963,0.31219482
3494,803716.5,349847.38,328.3195,1.0,0.0902903,0.32192993
1572,802476.56,349457.44,307.53296,1.0,0.09023925,0.48199463
3306,803515.94,350044.88,323.2996,1.0,0.090236865,0.31277466
1376,802826.56,349532.44,319.28012,1.0,0.090235054,0.4166565
1831,801926.56,349357.44,344.46597,1.0,0.09022925,0.30599976
348,802801.56,350057.44,299.8363,1.0,0.090190835,0.2923584
3213,802731.6,349588.25,315.64993,1.0,0.090179674,0.38046265
13,803026.56,350357.44,328.0758,1.0,0.09004223,0.31796265
788,802426.56,349757.44,302.35565,1.0,0.09004101,0.29440308
1108,802876.56,349632.44,318.9008,1.0,0.08999426,0.3117981
3508,803490.94,350011.53,322.48804,2.0,0.089961424,0.33499146
55,803076.56,350307.44,326.43356,1.0,0.08988066,0.31607056
2416,803301.56,349132.44,330.17322,2.0,0.0898695,0.3090515
3341,803759.2,349777.3,331.3054,1.0,0.08979797,0.34573364
14,803051.56,350357.44,328.3296,1.0,0.089797646,0.309021
1783,802576.56,349382.44,316.25604,1.0,0.0897651,0.3508606
3512,803410.9,350028.44,321.1234,1.0,0.08976287,0.3357544
2698,802076.56,348882.44,346.49738,1.0,0.089733444,0.2732544
111,803201.56,350257.44,316.4552,1.0,0.089700885,0.28204346
1967,802051.56,349307.44,350.21774,5.0,0.08965791,0.33944702
185,802726.56,350182.44,297.81134,1.0,0.08952328,0.37606812
3309,803571.56,350021.2,323.7563,1.0,0.089406066,0.31011963
208,803301.56,350182.44,318.9375,1.0,0.08938135,0.26016235
2358,803226.56,349157.44,329.15485,1.0,0.089264415,0.41537476
773,803876.56,349782.44,334.5407,1.0,0.08914773,0.30273438
789,802451.56,349757.44,301.96902,1.0,0.08910065,0.32369995
3141,802391.44,348981.88,319.52487,1.0,0.089084946,0.32299805
746,802501.56,349782.44,301.202,1.0,0.089077935,0.7109375
277,803301.56,350132.44,318.52774,1.0,0.08907586,0.36743164
2380,802276.56,349132.44,326.4289,1.0,0.089060314,0.40197754
3359,803483.94,349992.8,322.49023,1.0,0.08879278,0.33444214
242,803301.56,350157.44,318.76602,1.0,0.088788696,0.25170898
3660,802380.1,349309.25,315.88718,3.0,0.08877579,0.35559082
2882,802176.56,348657.44,345.28174,6.0,0.08874302,0.27770996
2246,803276.56,349207.44,328.26,1.0,0.088741004,0.3225708
2769,802126.56,348807.44,345.37497,1.0,0.08864275,0.23895264
2029,802001.56,349282.44,350.90295,1.0,0.08862002,0.27416992
961,802451.56,349682.44,300.88205,1.0,0.08858766,1.3829956
1624,801851.56,349432.44,339.68607,1.0,0.08853621,0.26654053
2183,803126.56,349232.44,325.98038,1.0,0.088468716,0.27557373
1346,803776.56,349557.44,332.94812,2.0,0.08846026,0.27807617
2278,802651.56,349182.44,324.6324,2.0,0.088442944,0.3484192
1210,803726.56,349607.44,333.11813,2.0,0.088389896,0.29611206
2149,801976.56,349232.44,356.28247,1.0,0.08838923,0.31500244
359,802726.56,350032.44,298.77185,1.0,0.088385105,0.3562622
883,802101.56,349707.44,336.86905,2.0,0.088371396,0.27947998
2355,803151.56,349157.44,327.75546,1.0,0.08836308,0.29995728
879,803776.56,349732.44,333.113,1.0,0.08833618,0.29858398
2236,803026.56,349207.44,325.53082,5.0,0.08826453,0.2970276
2919,802201.56,348582.44,346.99384,1.0,0.08823367,0.28637695
3314,803654.75,349962.4,325.8151,1.0,0.088204555,0.23022461
1438,802551.56,349507.44,308.6787,6.0,0.088202454,0.31253052
2005,803326.56,349307.44,327.08206,2.0,0.08818929,0.28381348
1583,802851.56,349457.44,318.83148,1.0,0.088161774,0.28253174
2237,803051.56,349207.44,325.8385,1.0,0.08811055,0.3140564
2290,802951.56,349182.44,325.58984,4.0,0.08804746,0.34921265
382,802526.56,349982.44,293.97195,1.0,0.08804284,1.4529419
2850,802201.56,348707.44,344.2398,1.0,0.08799808,0.28329468
667,803176.56,349832.44,303.0119,4.0,0.08797119,0.328125
1941,803326.56,349332.44,326.76184,2.0,0.08794631,0.2644348
2088,801951.56,349257.44,358.6653,1.0,0.08793145,0.31021118
1478,803651.56,349507.44,331.93958,1.0,0.08790904,0.19729614
2148,801951.56,349232.44,357.754,1.0,0.08789644,0.3078003
2010,803451.56,349307.44,329.90573,5.0,0.0878881,0.30462646
3610,802170.4,349392.1,323.97177,1.0,0.087843135,0.24520874
3048,802393.2,349064.16,318.80182,1.0,0.08770239,0.33407593
324,803576.56,350107.44,327.57074,1.0,0.087694794,0.28353882
10,803301.56,350382.44,329.50204,10.0,0.08760198,0.30740356
3108,802763.2,349513.72,319.87137,1.0,0.08758976,0.33450317
2876,802026.56,348657.44,349.46503,1.0,0.08757847,0.33364868
3311,803607.1,350001.38,324.9256,1.0,0.08749734,0.28457642
155,802801.56,350207.44,307.50977,2.0,0.087471046,0.29864502
3489,803787.4,349777.6,332.05264,1.0,0.087456554,0.3166504
1215,802051.56,349582.44,334.85455,1.0,0.0874441,0.2800598
321,803501.56,350107.44,327.61212,1.0,0.08737759,0.3069458
23,803276.56,350357.44,327.05878,1.0,0.08733168,0.3236084
2747,802126.56,348832.44,345.40622,2.0,0.08728916,0.2736206
2001,803226.56,349307.44,325.66083,6.0,0.08708358,0.49057007
3469,803726.94,349865.12,328.07742,1.0,0.08707911,0.3088684
3385,802976.8,350013.03,300.16995,1.0,0.08705928,0.25042725
2030,802026.56,349282.44,350.52686,2.0,0.08705666,0.3083191
175,803301.56,350207.44,319.1726,1.0,0.08703249,0.25906372
3591,802492.5,349233.03,315.4447,2.0,0.086739846,0.39178467
1882,803501.56,349357.44,329.8827,4.0,0.08671905,0.27929688
2944,802556.44,349765.16,301.87985,5.0,0.08668526,0.30361938
2044,802701.56,349282.44,324.1157,1.0,0.08660952,0.2553711
465,802651.56,349932.44,299.0738,1.0,0.08660007,0.36987305
658,802801.56,349832.44,308.5043,1.0,0.086527444,0.22885132
3216,802742.75,349532.94,318.19244,1.0,0.08647963,0.37527466
2006,803351.56,349307.44,327.5705,3.0,0.086420536,0.27105713
461,802551.56,349932.44,299.08273,1.0,0.086376294,0.8066101
3227,802678.56,349340.9,321.28177,5.0,0.086283796,0.1614685
464,802626.56,349932.44,299.13913,1.0,0.086250395,0.32214355
2551,802751.56,349057.44,332.56845,1.0,0.08620575,0.37145996
3282,803037.94,350081.8,302.07062,1.0,0.08617679,0.27438354
3229,802652.1,349311.75,320.8107,1.0,0.086156145,0.26831055
1350,801876.56,349532.44,338.45914,1.0,0.08611711,0.30786133
3289,803178.44,350084.12,309.4447,1.0,0.08608796,0.22531128
2963,802571.7,349752.2,302.66226,1.0,0.08608386,0.32699585
1949,803526.56,349332.44,331.17303,1.0,0.08607211,0.2946167
1652,802826.56,349432.44,319.5642,1.0,0.086061165,0.3449707
653,802551.56,349832.44,300.79062,5.0,0.085909426,0.3210144
3364,803389.0,350010.62,320.72064,1.0,0.08589751,0.35824585
97,802851.56,350257.44,309.40692,2.0,0.08589446,0.29486084
839,802451.56,349732.44,301.72168,1.0,0.0856662,0.5595398
2126,803201.56,349257.44,326.1156,1.0,0.08555365,0.2796631
2337,802701.56,349157.44,325.382,7.0,0.08554756,0.25289917
2304,803301.56,349182.44,329.0784,1.0,0.085546285,0.25073242
2250,803376.56,349207.44,330.12628,1.0,0.085535124,0.29858398
2479,802026.56,349082.44,355.13495,4.0,0.08551685,0.29714966
3022,801932.06,349168.62,357.09882,1.0,0.08549968,0.16937256
412,802351.56,349957.44,311.23425,1.0,0.08541137,0.39434814
2557,802051.56,349032.44,353.2466,1.0,0.08537794,0.36486816
2368,801976.56,349132.44,356.8467,2.0,0.085343696,0.18426514
604,802576.56,349857.44,300.5313,1.0,0.0853365,0.29953003
2306,803351.56,349182.44,329.99756,1.0,0.08529033,0.29449463
2193,803376.56,349232.44,329.74423,1.0,0.08525616,0.29052734
2588,802151.56,349007.44,334.71875,1.0,0.08521102,0.23077393
3467,803698.6,349893.03,327.09003,1.0,0.085145935,0.29803467
2925,802201.56,348557.44,347.09375,2.0,0.085113145,0.31378174
585,803476.56,349882.44,307.9819,2.0,0.0851068,0.30004883
2945,802568.8,349779.72,301.88065,7.0,0.085106224,0.31262207
3506,803528.5,349996.84,323.32315,2.0,0.08508871,0.31259155
2894,802101.56,348632.44,347.08102,2.0,0.085061006,0.3010254
1240,802851.56,349582.44,318.966,2.0,0.08491221,0.28677368
32,803051.56,350332.44,327.34665,1.0,0.084897384,0.3081665
340,803551.56,350082.44,327.08572,1.0,0.084783286,0.3151245
2192,803351.56,349232.44,329.1523,1.0,0.08473792,0.27215576
1980,802701.56,349307.44,324.11478,1.0,0.084687166,0.22232056
2251,803401.56,349207.44,330.7317,3.0,0.084628426,0.30010986
2129,803276.56,349257.44,327.3225,1.0,0.08447525,0.30789185
1965,802001.56,349307.44,349.88428,1.0,0.08444724,0.2753296
3117,802706.7,349343.06,322.44995,1.0,0.08435207,0.3040161
1573,802501.56,349457.44,307.88034,1.0,0.084332734,0.29660034
2538,802301.56,349057.44,326.11215,1.0,0.08430749,0.26071167
2789,802101.56,348782.44,345.65625,1.0,0.0842556,0.26467896
19,803176.56,350357.44,327.57843,1.0,0.08422126,0.27716064
2293,803026.56,349182.44,326.18314,1.0,0.08418842,0.27267456
2171,802826.56,349232.44,324.87244,1.0,0.08402881,0.27404785
2066,803251.56,349282.44,326.86432,2.0,0.084027775,0.36569214
2238,803076.56,349207.44,326.1248,1.0,0.08397566,0.29544067
3302,803437.25,350065.34,322.118,1.0,0.083961494,0.2732849
1877,803376.56,349357.44,326.8589,1.0,0.083954014,0.38671875
199,803076.56,350182.44,308.87616,1.0,0.083952785,0.3624878
3360,803465.94,349998.56,321.96567,2.0,0.08390249,0.23764038
67,803376.56,350307.44,329.86954,2.0,0.08379477,0.3192749
3507,803509.56,350004.56,322.95108,2.0,0.08378682,0.27120972
1443,802676.56,349507.44,320.56287,1.0,0.08377354,0.31744385
665,803126.56,349832.44,302.98666,1.0,0.083765164,0.33724976
2408,803101.56,349132.44,327.79343,1.0,0.08373162,0.28042603
2305,803326.56,349182.44,329.6584,1.0,0.083638996,0.2798462
2564,802226.56,349032.44,331.98145,1.0,0.083581656,0.3640747
249,803476.56,350157.44,327.50525,1.0,0.08355807,0.2819519
125,802826.56,350232.44,309.0746,1.0,0.08354585,0.27423096
2898,802201.56,348632.44,346.02304,2.0,0.08353065,0.27679443
182,803476.56,350207.44,328.45963,1.0,0.08349725,0.2920227
560,802851.56,349882.44,298.9152,2.0,0.083480455,0.5644226
224,802851.56,350157.44,306.4654,1.0,0.08345129,0.41488647
1646,802601.56,349432.44,322.00766,1.0,0.083366014,0.30108643
361,802776.56,350032.44,299.25693,1.0,0.08336482,0.23248291
3092,802590.75,349774.03,303.52103,1.0,0.08336224,0.2739563
2259,802051.56,349182.44,353.07254,1.0,0.08321378,0.2750244
2348,802976.56,349157.44,326.51688,1.0,0.083194226,0.26116943
96,802826.56,350257.44,309.4073,2.0,0.083151616,0.2807312
3060,802545.44,349249.12,316.18533,1.0,0.08313705,0.30307007
2908,802151.56,348607.44,347.05835,1.0,0.083065994,0.25683594
376,802376.56,349982.44,309.73514,1.0,0.08306259,0.33477783
2303,803276.56,349182.44,328.81235,1.0,0.08303486,0.30044556
3510,803450.94,350022.44,321.77948,2.0,0.082971655,0.26989746
1277,803776.56,349582.44,333.87958,2.0,0.08295223,0.22988892
1081,802001.56,349632.44,336.1999,1.0,0.082913466,0.26480103
3491,803759.06,349805.5,330.60965,2.0,0.0828553,0.3081665
2121,803076.56,349257.44,325.05087,1.0,0.082838096,0.23348999
1198,803426.56,349607.44,326.89423,1.0,0.08271901,0.2642212
3112,802755.5,349432.84,321.4041,1.0,0.08271538,0.3025818
3493,803730.7,349833.4,329.15454,2.0,0.08267534,0.28588867
240,803251.56,350157.44,317.52792,1.0,0.082666464,0.37979126
1037,802801.56,349657.44,320.72662,1.0,0.08265844,0.30856323
2749,802176.56,348832.44,344.49747,1.0,0.08242487,0.30899048
45,803376.56,350332.44,330.3842,1.0,0.08242221,0.29315186
1070,803626.56,349657.44,324.4699,1.0,0.082377,0.336792
2605,802701.56,349007.44,335.13477,22.0,0.08221834,0.2883911
2292,803001.56,349182.44,326.01083,1.0,0.08220017,0.2809143
3111,802758.94,349454.12,320.64316,1.0,0.082077,0.33966064
7,803226.56,350382.44,327.20645,2.0,0.08191036,0.2979126
2026,801926.56,349282.44,357.67053,1.0,0.08184169,0.26098633
2172,802851.56,349232.44,324.87286,1.0,0.081832774,0.26220703
2885,802251.56,348657.44,344.7961,1.0,0.081817806,0.2480774
383,802551.56,349982.44,294.0495,2.0,0.0818021,1.2212219
1509,802626.56,349482.44,321.08923,3.0,0.081695154,0.31658936
3405,802648.5,349811.62,302.84027,1.0,0.08164713,0.29049683
3496,803688.1,349875.28,327.06088,1.0,0.0814953,0.29440308
970,802851.56,349682.44,320.3504,1.0,0.0814867,0.31158447
1337,803551.56,349557.44,327.25278,1.0,0.08136902,0.30963135
1263,803426.56,349582.44,326.33057,2.0,0.08124332,0.23355103
2409,803126.56,349132.44,328.14694,1.0,0.08115799,0.27474976
2347,802951.56,349157.44,326.3033,1.0,0.08114291,0.33718872
1039,802851.56,349657.44,320.3504,2.0,0.08109197,0.30917358
2421,801951.56,349107.44,356.00732,4.0,0.08108568,0.24404907
3466,803684.44,349907.0,326.45926,1.0,0.0810518,0.28457642
3342,803745.0,349791.25,330.30637,1.0,0.08102764,0.2833557
1130,803426.56,349632.44,327.0996,14.0,0.0810156,0.22232056
1192,803276.56,349607.44,308.6588,1.0,0.08097428,0.430542
1582,802826.56,349457.44,319.4625,1.0,0.08095628,0.30944824
3310,803589.94,350011.47,324.5953,1.0,0.08095058,0.26239014
2425,802051.56,349107.44,354.4138,1.0,0.08086597,0.29611206
1000,803601.56,349682.44,322.73267,3.0,0.08084272,0.34918213
2410,803151.56,349132.44,328.4686,1.0,0.08082049,0.26031494
2478,802001.56,349082.44,356.51553,1.0,0.080752864,0.28677368
2124,803151.56,349257.44,325.81293,1.0,0.08073978,0.26107788
3089,802597.2,349717.56,304.67957,1.0,0.08070777,0.3602295
2445,802651.56,349107.44,325.11954,1.0,0.08070759,0.2886963
1797,803051.56,349382.44,320.6428,1.0,0.08061221,0.3297119
1539,803476.56,349482.44,325.45526,1.0,0.08057936,0.37539673
2297,803126.56,349182.44,326.97916,1.0,0.080575064,0.28372192
2248,803326.56,349207.44,329.24637,2.0,0.08052363,0.2940979
1931,803076.56,349332.44,321.1472,2.0,0.08051738,0.33654785
2296,803101.56,349182.44,326.68134,1.0,0.08050242,0.23861694
819,803701.56,349757.44,329.2975,2.0,0.08045775,0.29559326
3228,802665.56,349326.25,321.15195,2.0,0.080436446,0.24533081
2506,802826.56,349082.44,329.0988,1.0,0.080395356,0.30807495
44,803351.56,350332.44,329.64005,1.0,0.08037709,0.30575562
2122,803101.56,349257.44,325.22513,1.0,0.080331594,0.22595215
3559,801975.56,349597.5,335.84375,1.0,0.080102324,0.29421997
1864,803051.56,349357.44,321.5151,1.0,0.080039345,0.36151123
701,802551.56,349807.44,301.28372,1.0,0.08001443,0.37548828
1951,803576.56,349332.44,331.40466,1.0,0.07998597,0.30007935
2630,802001.56,348957.44,354.7301,1.0,0.07986818,0.25500488
3257,802603.8,349851.56,301.26062,1.0,0.07985442,0.34735107
2870,802276.56,348682.44,343.85583,1.0,0.07981921,0.26190186
2673,802001.56,348907.44,347.55612,1.0,0.07976995,0.26358032
2177,802976.56,349232.44,324.68237,1.0,0.079765566,0.30545044
1176,802876.56,349607.44,318.3661,7.0,0.0797164,0.31661987
1943,803376.56,349332.44,327.682,1.0,0.07971454,0.28857422
2869,802251.56,348682.44,344.15356,4.0,0.07970792,0.25238037
2252,803426.56,349207.44,331.8517,1.0,0.079706065,0.29351807
603,802551.56,349857.44,300.31482,1.0,0.07967626,0.32476807
1080,801976.56,349632.44,337.101,1.0,0.07960772,0.2803955
2880,802126.56,348657.44,345.98486,1.0,0.07959402,0.2741394
2239,803101.56,349207.44,326.2884,1.0,0.07955106,0.2526245
215,803476.56,350182.44,328.06107,1.0,0.07953508,0.27023315
3175,802614.56,349293.62,319.88937,1.0,0.07945104,0.2736206
1417,801851.56,349507.44,339.375,1.0,0.07944411,0.30563354
2915,802101.56,348582.44,347.9032,2.0,0.07942973,0.2211914
2240,803126.56,349207.44,326.47003,1.0,0.079390176,0.250885
3312,803624.6,349989.12,325.41312,1.0,0.07932629,0.24365234
2299,803176.56,349182.44,327.40002,1.0,0.07930574,0.25506592
390,802951.56,349982.44,300.62265,1.0,0.079280205,0.25656128
2242,803176.56,349207.44,326.89276,3.0,0.0792421,0.25860596
1595,803151.56,349457.44,309.88492,1.0,0.079197995,0.46453857
2308,803401.56,349182.44,331.1468,2.0,0.079171926,0.27575684
2667,802501.56,348932.44,323.22604,6.0,0.07917022,0.32247925
2241,803151.56,349207.44,326.67224,1.0,0.07910497,0.2534485
3077,802707.94,349521.75,318.4981,1.0,0.07907015,0.32250977
509,802626.56,349907.44,299.95486,1.0,0.07895875,0.28948975
2354,803126.56,349157.44,327.44955,1.0,0.078952454,0.26766968
2917,802151.56,348582.44,347.66483,1.0,0.07884847,0.19900513
2900,802251.56,348632.44,345.43732,1.0,0.07883516,0.2670288
2204,801926.56,349207.44,357.78503,1.0,0.07875645,0.2536621
1074,803726.56,349657.44,333.22723,4.0,0.078744166,0.45843506
1653,802851.56,349432.44,318.86102,1.0,0.078481145,0.2543335
1401,803451.56,349532.44,325.1746,1.0,0.078433156,0.447937
3054,802468.3,349157.22,316.5097,1.0,0.07838371,0.3178711
2182,803101.56,349232.44,325.8125,1.0,0.07826177,0.2781067
3663,802430.4,349277.3,315.30792,1.0,0.07825854,0.39022827
3262,802675.1,349922.44,299.14032,1.0,0.07819091,0.32196045
2365,803401.56,349157.44,331.60092,2.0,0.07818609,0.2702942
2231,802901.56,349207.44,325.28732,2.0,0.07806982,0.24499512
3230,802638.5,349297.22,320.39673,3.0,0.07803627,0.24429321
3386,802957.8,350007.2,300.01126,1.0,0.07801974,0.30047607
2074,803451.56,349282.44,330.6842,4.0,0.07795458,0.27111816
2123,803126.56,349257.44,325.5433,1.0,0.07791476,0.24609375
1269,803576.56,349582.44,327.07175,1.0,0.077817,0.27529907
503,802476.56,349907.44,299.88174,1.0,0.07779219,0.5001221
17,803126.56,350357.44,328.42426,1.0,0.077758595,0.2854004
706,802776.56,349807.44,308.67523,1.0,0.07775137,0.27008057
1239,802826.56,349582.44,319.9275,1.0,0.077596605,0.24801636
2452,802826.56,349107.44,326.58118,1.0,0.07747264,0.28237915
602,802526.56,349857.44,299.5971,4.0,0.07738973,0.878479
3070,802679.44,349395.88,321.158,4.0,0.07734087,0.19393921
3475,803812.06,349781.44,332.574,1.0,0.077269726,0.28259277
2826,802051.56,348732.44,346.3125,1.0,0.077268094,0.25997925
368,802501.56,350007.44,294.19382,1.0,0.07725245,1.2957458
2346,802926.56,349157.44,326.29373,1.0,0.077213734,0.2755127
423,802626.56,349957.44,298.4575,1.0,0.07707527,0.5066223
2921,802251.56,348582.44,345.55093,1.0,0.077043645,0.28964233
744,802451.56,349782.44,302.1039,1.0,0.07694732,0.27175903
2787,802051.56,348782.44,346.315,1.0,0.076936364,0.24612427
2830,802151.56,348732.44,344.56512,1.0,0.07692591,0.27172852
2525,801976.56,349057.44,356.0961,1.0,0.07683687,0.2901001
2470,803276.56,349107.44,330.003,9.0,0.07676618,0.2849121
2903,802026.56,348607.44,348.6467,2.0,0.0767372,0.25448608
3345,803702.5,349833.1,328.3432,1.0,0.07672208,0.33761597
2746,802101.56,348832.44,346.13382,1.0,0.076700576,0.24627686
2194,803401.56,349232.44,330.41287,1.0,0.0766602,0.26312256
3503,803582.7,349969.34,324.40775,5.0,0.07663762,0.3053589
3283,803057.75,350083.66,302.51224,1.0,0.07657487,0.2593689
3468,803712.75,349879.1,327.44757,1.0,0.07652509,0.27478027
2899,802226.56,348632.44,345.7176,1.0,0.076408654,0.2614746
3600,802336.7,349283.5,316.42798,1.0,0.07640084,0.26916504
3113,802749.7,349413.1,322.1813,1.0,0.076348245,0.29467773
2137,803476.56,349257.44,332.3698,1.0,0.07634541,0.26861572
2720,802026.56,348857.44,347.03748,1.0,0.07633404,0.21331787
3081,802690.44,349594.1,314.845,1.0,0.07630586,0.28338623
1404,803526.56,349532.44,326.80905,4.0,0.07616763,0.27301025
2178,803001.56,349232.44,324.89023,1.0,0.07616119,0.25561523
3474,803797.9,349795.38,331.8787,1.0,0.07614631,0.2770996
3465,803670.25,349920.84,326.0794,1.0,0.076111875,0.24389648
2050,802851.56,349282.44,323.84912,1.0,0.07602174,0.25323486
80,803076.56,350282.44,325.23862,1.0,0.0760015,0.24118042
1374,802676.56,349532.44,320.2933,1.0,0.07597943,0.27389526
1411,803701.56,349532.44,331.3492,1.0,0.07580983,0.22103882
3322,803769.4,349851.5,329.96472,1.0,0.07579812,0.2437439
2353,803101.56,349157.44,327.1859,1.0,0.075727835,0.23254395
1175,802851.56,349607.44,319.34293,1.0,0.07566438,0.25787354
3343,803730.8,349805.2,329.82013,6.0,0.0755707,0.26657104
2890,802001.56,348632.44,349.26855,1.0,0.07556889,0.20843506
2928,802201.56,348532.44,347.11853,1.0,0.07555685,0.33947754
1540,803501.56,349482.44,325.86453,3.0,0.07550984,0.21627808
3358,803502.56,349985.84,322.9587,2.0,0.07550091,0.24645996
2527,802026.56,349057.44,355.1483,1.0,0.07541782,0.28933716
450,803476.56,349957.44,322.49213,9.0,0.07541289,0.36044312
1332,803426.56,349557.44,326.14667,1.0,0.07536118,0.26531982
2807,802051.56,348757.44,346.315,1.0,0.0753207,0.23596191
1942,803351.56,349332.44,327.16937,1.0,0.075294636,0.2819519
1309,802851.56,349557.44,318.59708,1.0,0.075226754,0.26391602
3504,803565.2,349979.34,324.01514,1.0,0.075224936,0.3170166
3150,802271.5,348934.1,321.71912,2.0,0.07517723,0.2814026
1276,803751.56,349582.44,333.87488,5.0,0.07516503,0.2319336
1097,802401.56,349632.44,302.473,1.0,0.0751541,0.32995605
2579,802726.56,349032.44,334.4678,2.0,0.075130776,0.24969482
1199,803451.56,349607.44,325.94144,2.0,0.07510175,0.20678711
2767,802076.56,348807.44,346.27054,4.0,0.0749868,0.2699585
2118,803001.56,349257.44,324.5014,1.0,0.07495183,0.20916748
2112,802851.56,349257.44,324.24127,2.0,0.07495045,0.24002075
876,803701.56,349732.44,329.09045,1.0,0.074899495,0.43188477
1625,801876.56,349432.44,339.70047,2.0,0.0748641,0.27435303
1307,802801.56,349557.44,320.4375,1.0,0.07472682,0.36068726
1348,801826.56,349532.44,339.3125,1.0,0.07470178,0.28860474
743,802426.56,349782.44,302.70407,1.0,0.07463374,0.27679443
2868,802226.56,348682.44,344.51337,1.0,0.07459915,0.22814941
2402,802951.56,349132.44,327.07895,4.0,0.074551225,0.22583008
2350,803026.56,349157.44,326.809,1.0,0.074510105,0.2532959
2136,803451.56,349257.44,331.8457,2.0,0.07448991,0.24713135
2811,802151.56,348757.44,344.5944,2.0,0.07448586,0.27005005
1786,802776.56,349382.44,322.56955,1.0,0.074470505,0.3230896
1334,803476.56,349557.44,325.20383,5.0,0.07432959,0.43832397
1419,801901.56,349507.44,338.86383,1.0,0.07425829,0.27999878
2926,802226.56,348557.44,346.3335,2.0,0.074199535,0.28399658
2748,802151.56,348832.44,344.90756,1.0,0.07418444,0.28997803
1304,802626.56,349557.44,319.37222,2.0,0.07410287,0.3103943
2893,802076.56,348632.44,348.33847,1.0,0.07401002,0.27841187
2886,802276.56,348657.44,344.59424,1.0,0.07387472,0.25759888
2723,802101.56,348857.44,346.2567,1.0,0.073844105,0.22335815
2049,802826.56,349282.44,323.85187,1.0,0.07383711,0.25424194
2901,802276.56,348632.44,345.17862,1.0,0.07383686,0.2456665
3235,802570.4,349224.4,316.90625,3.0,0.07383595,0.19726562
820,803726.56,349757.44,329.64633,1.0,0.07383075,0.252594
1338,803576.56,349557.44,327.39273,1.0,0.07379183,0.26379395
3354,803572.5,349952.1,324.41745,15.0,0.07378794,0.38705444
2234,802976.56,349207.44,325.1589,1.0,0.073766015,0.30822754
2895,802126.56,348632.44,346.7251,1.0,0.07371223,0.2671814
3107,802762.56,349535.5,318.52765,1.0,0.073684804,0.26364136
3062,802572.7,349278.3,316.43774,1.0,0.07360418,0.23867798
3214,802736.75,349571.75,316.55185,1.0,0.073477715,0.3262329
2288,802901.56,349182.44,325.82983,1.0,0.0734583,0.22564697
2253,803451.56,349207.44,332.46017,3.0,0.07338629,0.21310425
3505,803546.75,349988.66,323.64975,1.0,0.073364854,0.30499268
1148,802001.56,349607.44,335.96353,1.0,0.07335514,0.27215576
1510,802651.56,349482.44,321.37656,1.0,0.07325856,0.21234131
643,802301.56,349832.44,319.10794,1.0,0.073156476,0.3373413
1901,802026.56,349332.44,349.3257,1.0,0.07304825,0.29367065
906,802876.56,349707.44,319.89398,1.0,0.072984725,0.26052856
3363,803408.75,350008.56,321.14392,1.0,0.07294135,0.3225708
1623,801826.56,349432.44,339.59225,1.0,0.0729383,0.2468872
3492,803744.9,349819.47,329.82013,2.0,0.072937705,0.26306152
1137,803601.56,349632.44,327.96188,1.0,0.0728691,0.25646973
3307,803534.75,350037.6,323.48,6.0,0.072845705,0.25027466
1626,801901.56,349432.44,340.218,4.0,0.072819404,0.26397705
2111,802826.56,349257.44,324.24606,1.0,0.07281698,0.24401855
2881,802151.56,348657.44,345.4811,1.0,0.07279806,0.22891235
1500,802401.56,349482.44,307.59375,2.0,0.072784,0.3694458
2385,802401.56,349132.44,318.0625,1.0,0.072706155,0.27792358
2911,802226.56,348607.44,346.146,1.0,0.07270465,0.25152588
105,803051.56,350257.44,323.36542,1.0,0.07267802,0.2991333
3023,801953.4,349184.72,356.65482,3.0,0.072671466,0.2402649
3473,803783.7,349809.3,331.30893,1.0,0.07254125,0.2607727
71,802851.56,350282.44,310.12833,1.0,0.072527945,0.29971313
2258,801901.56,349182.44,357.56848,1.0,0.072443575,0.24972534
2361,803301.56,349157.44,329.67792,1.0,0.0724305,0.25323486
3488,803801.56,349763.66,332.5961,1.0,0.0723219,0.26412964
3318,803712.6,349907.3,327.29755,1.0,0.07229768,0.23016357
3340,803773.4,349763.34,332.07062,1.0,0.07226076,0.28466797
1013,802026.56,349657.44,336.56348,1.0,0.07220838,0.2406311
2042,802501.56,349282.44,315.66525,1.0,0.07210717,0.26766968
346,802751.56,350057.44,299.23898,1.0,0.07208874,0.24050903
3344,803716.7,349819.16,329.17557,1.0,0.0719477,0.30767822
2009,803426.56,349307.44,329.3125,2.0,0.071928315,0.2397461
2897,802176.56,348632.44,346.18344,1.0,0.07187594,0.21530151
281,803401.56,350132.44,324.97937,1.0,0.071738936,0.20568848
1953,801701.56,349307.44,357.2964,3.0,0.071735,0.25665283
2454,802876.56,349107.44,328.3376,1.0,0.07163983,0.25491333
2676,802076.56,348907.44,346.87027,3.0,0.07161943,0.26376343
2852,802251.56,348707.44,343.5083,1.0,0.071534865,0.20523071
1437,802526.56,349507.44,308.3125,1.0,0.071521066,0.24401855
3400,802718.25,349880.44,299.1367,1.0,0.071520284,0.335083
3277,802938.5,350064.03,300.2485,1.0,0.071455956,0.31027222
56,803101.56,350307.44,326.68506,1.0,0.071367435,0.24221802
180,803426.56,350207.44,325.418,2.0,0.07135081,0.25653076
2907,802126.56,348607.44,347.5082,1.0,0.071341105,0.24130249
3166,802496.4,349159.78,316.3797,1.0,0.07129587,0.28619385
2802,802426.56,348782.44,331.61423,1.0,0.0712945,0.34625244
3187,802727.25,349501.25,319.23108,1.0,0.07128955,0.26400757
1918,802751.56,349332.44,323.486,2.0,0.07125928,0.300354
2883,802201.56,348657.44,345.30768,1.0,0.07108165,0.25689697
3109,802761.8,349493.84,320.08707,1.0,0.07106083,0.23199463
1207,803651.56,349607.44,329.40768,1.0,0.07105053,0.243927
1475,803576.56,349507.44,326.93347,1.0,0.07103642,0.21121216
407,803376.56,349982.44,320.89667,1.0,0.070978545,0.27020264
1340,803626.56,349557.44,328.206,1.0,0.07092187,0.30215454
1235,802626.56,349582.44,319.2938,2.0,0.07090769,0.2468872
2827,802076.56,348732.44,345.89966,1.0,0.070901625,0.27545166
3634,801948.0,349591.62,336.5584,1.0,0.07086935,0.37850952
144,803301.56,350232.44,319.3629,1.0,0.070822395,0.21472168
2307,803376.56,349182.44,330.54034,1.0,0.0708097,0.24984741
1082,802026.56,349632.44,336.34964,3.0,0.07080462,0.20910645
1132,803476.56,349632.44,326.0124,1.0,0.070780054,0.21847534
3053,802455.6,349141.7,317.01663,2.0,0.070767224,0.3536682
1261,803376.56,349582.44,327.3125,1.0,0.070707835,0.20657349
1577,802601.56,349457.44,321.45947,1.0,0.07068126,0.24264526
791,802501.56,349757.44,301.40744,5.0,0.07063523,0.804718
68,803401.56,350307.44,330.65332,1.0,0.07062736,0.31271362
2,803101.56,350382.44,329.6939,2.0,0.0706232,0.24990845
0,803051.56,350382.44,329.75012,8.0,0.07059976,0.25076294
1852,802751.56,349357.44,323.0,2.0,0.07057706,0.25
2013,803526.56,349307.44,331.8187,1.0,0.070531696,0.23269653
686,803651.56,349832.44,323.07477,1.0,0.070521004,0.30273438
2004,803301.56,349307.44,326.6301,1.0,0.070382215,0.24151611
3472,803769.5,349823.28,330.27353,2.0,0.070230864,0.25787354
2847,802126.56,348707.44,345.12915,1.0,0.07019866,0.23184204
94,803426.56,350282.44,331.31836,14.0,0.070173696,0.2513733
1985,802826.56,349307.44,323.44678,1.0,0.070162706,0.2677002
147,803376.56,350232.44,325.00153,1.0,0.070160344,0.3151245
2924,802176.56,348557.44,347.48694,1.0,0.07005309,0.2929077
2195,803426.56,349232.44,331.05472,1.0,0.07004978,0.26293945
2279,802676.56,349182.44,324.8942,4.0,0.07002855,0.27233887
2461,803051.56,349107.44,327.7834,1.0,0.06986512,0.21435547
3028,802066.56,349237.2,351.41055,2.0,0.06986345,0.25778198
3006,803128.94,349804.8,303.82205,1.0,0.069841705,0.25787354
3078,802706.5,349540.03,317.5529,1.0,0.06982251,0.34283447
3106,802759.75,349555.44,318.12747,1.0,0.06972197,0.2581482
347,802776.56,350057.44,299.87018,1.0,0.069693744,0.23110962
2515,803076.56,349082.44,329.07703,1.0,0.069653384,0.23834229
3272,802842.8,350033.5,299.0497,1.0,0.069622636,0.38204956
2849,802176.56,348707.44,344.49622,5.0,0.06962079,0.26535034
2555,802001.56,349032.44,355.42996,3.0,0.06960798,0.2663269
2404,803001.56,349132.44,327.10666,4.0,0.06959074,0.22512817
2228,802826.56,349207.44,325.26868,1.0,0.06955389,0.22973633
463,802601.56,349932.44,299.45065,1.0,0.069481954,0.30789185
134,803051.56,350232.44,322.54004,2.0,0.06939708,0.28018188
2721,802051.56,348857.44,346.78125,1.0,0.06928105,0.19717407
1917,802726.56,349332.44,323.57312,1.0,0.06925292,0.246521
3317,803698.44,349921.25,326.66483,1.0,0.06911863,0.23318481
3313,803640.0,349975.8,325.55283,1.0,0.069064625,0.16390991
2362,803326.56,349157.44,329.9807,1.0,0.06904689,0.23956299
1541,803526.56,349482.44,326.21893,1.0,0.069023,0.2133789
2369,802001.56,349132.44,356.66415,1.0,0.068953134,0.2572937
847,802826.56,349732.44,319.93393,1.0,0.068896174,0.21896362
1916,802576.56,349332.44,316.40625,1.0,0.06887643,0.21264648
3612,802137.2,349413.88,325.87723,1.0,0.06887373,0.4033203
349,802826.56,350057.44,299.94812,1.0,0.068838544,0.26550293
1146,803826.56,349632.44,334.83725,1.0,0.06879228,0.23651123
3497,803674.0,349889.22,326.7082,1.0,0.068703756,0.24554443
3316,803684.2,349935.2,326.27066,1.0,0.06867973,0.22998047
2007,803376.56,349307.44,327.74808,1.0,0.06866375,0.18225098
2946,802581.1,349794.28,302.38843,1.0,0.068641566,0.28451538
2583,802026.56,349007.44,354.05185,3.0,0.068597406,0.2697754
2027,801951.56,349282.44,358.20526,2.0,0.06850113,0.24517822
20,803201.56,350357.44,327.03265,1.0,0.06848327,0.32885742
1150,802051.56,349607.44,335.55536,1.0,0.06841937,0.23895264
2364,803376.56,349157.44,330.92313,1.0,0.0684086,0.23840332
1716,802601.56,349407.44,322.46033,1.0,0.06827139,0.24502563
2864,802126.56,348682.44,345.38092,1.0,0.068156086,0.23147583
3215,802740.0,349552.4,317.47116,1.0,0.06805732,0.29788208
2462,803076.56,349107.44,327.97922,1.0,0.06800157,0.2180481
2455,802901.56,349107.44,328.33096,1.0,0.067882754,0.24642944
3357,803520.44,349978.56,323.34348,10.0,0.06782804,0.29232788
2363,803351.56,349157.44,330.4455,1.0,0.06770172,0.2331543
1947,803476.56,349332.44,329.34055,1.0,0.06768059,0.26235962
3236,802557.0,349209.1,316.48776,1.0,0.06753285,0.20965576
3321,803755.2,349865.44,328.9349,3.0,0.067427106,0.22769165
2825,802026.56,348732.44,346.5318,1.0,0.067426,0.20169067
1201,803501.56,349607.44,325.8145,1.0,0.067403406,0.283844
124,802801.56,350232.44,307.83517,1.0,0.06736517,0.24346924
2235,803001.56,349207.44,325.26758,1.0,0.0673455,0.26168823
3177,802641.8,349322.66,320.82367,1.0,0.06734306,0.22116089
1064,803476.56,349657.44,327.03415,3.0,0.06732419,0.2564392
2788,802076.56,348782.44,345.86972,1.0,0.06728807,0.23144531
2920,802226.56,348582.44,346.33875,1.0,0.06727565,0.23208618
408,803401.56,349982.44,321.41125,1.0,0.06714702,0.2645874
747,802526.56,349782.44,301.33807,1.0,0.067107975,0.6311035
2294,803051.56,349182.44,326.38605,1.0,0.06709335,0.230896
2298,803151.56,349182.44,327.19443,1.0,0.06701209,0.21435547
904,802826.56,349707.44,320.12668,1.0,0.06693835,0.20150757
2164,802651.56,349232.44,324.31992,1.0,0.066885166,0.24121094
1984,802801.56,349307.44,323.44678,4.0,0.0668249,0.24145508
2765,802026.56,348807.44,346.56766,2.0,0.06666898,0.20141602
1698,801976.56,349407.44,349.0563,1.0,0.06651046,0.22949219
8,803251.56,350382.44,327.2637,1.0,0.06649319,0.2984314
2846,802101.56,348707.44,345.57578,1.0,0.06645713,0.23440552
1418,801876.56,349507.44,339.7295,1.0,0.066452615,0.24832153
2418,803351.56,349132.44,330.8089,1.0,0.06643365,0.2281189
1131,803451.56,349632.44,326.4434,1.0,0.066429675,0.19259644
1083,802051.56,349632.44,336.12805,3.0,0.066405706,0.3005371
3499,803645.06,349917.12,325.9023,1.0,0.066395074,0.23068237
2069,803326.56,349282.44,327.5592,1.0,0.0663734,0.24630737
3362,803428.0,350006.06,321.52972,2.0,0.066358685,0.28900146
2202,801876.56,349207.44,359.8446,2.0,0.066318996,0.23641968
79,803051.56,350282.44,324.85797,1.0,0.06628172,0.25769043
374,802751.56,350007.44,298.91327,4.0,0.066265196,0.42333984
2460,803026.56,349107.44,327.63696,1.0,0.066231355,0.22799683
2722,802076.56,348857.44,346.52994,4.0,0.06604263,0.21383667
698,802476.56,349807.44,301.03305,1.0,0.0660149,0.664978
2779,802376.56,348807.44,325.28125,1.0,0.06591722,0.28656006
1900,802001.56,349332.44,349.27966,5.0,0.06591706,0.23483276
2674,802026.56,348907.44,347.18164,1.0,0.06581081,0.21032715
2458,802976.56,349107.44,327.75598,4.0,0.06568585,0.2211914
3361,803447.3,350002.78,321.80698,6.0,0.065675534,0.27279663
3021,801913.9,349151.72,356.6905,2.0,0.065623604,0.23059082
3220,802739.0,349455.56,320.20288,1.0,0.06556364,0.24157715
2125,803176.56,349257.44,325.97964,1.0,0.065552674,0.2184143
2295,803076.56,349182.44,326.51035,1.0,0.06553946,0.22338867
2858,801976.56,348682.44,350.37198,5.0,0.065488085,0.23132324
216,803501.56,350182.44,328.10477,2.0,0.065462515,0.21618652
2281,802726.56,349182.44,325.42014,1.0,0.065425634,0.22729492
3057,802506.56,349203.2,315.87497,1.0,0.06541629,0.25927734
2804,801976.56,348757.44,347.77805,1.0,0.06537064,0.23110962
1810,803376.56,349382.44,325.53125,1.0,0.06535533,0.35229492
2457,802951.56,349107.44,327.75598,1.0,0.065312766,0.2237854
1274,803701.56,349582.44,331.19104,1.0,0.06522054,0.2883911
150,803451.56,350232.44,326.2163,1.0,0.06520336,0.23114014
2471,803301.56,349107.44,330.505,1.0,0.06515454,0.22372437
3509,803471.1,350017.88,322.00604,5.0,0.06511885,0.2626953
1718,802651.56,349407.44,321.63098,1.0,0.065089755,0.23086548
2791,802151.56,348782.44,344.6875,4.0,0.06503937,0.23028564
1409,803651.56,349532.44,331.25375,3.0,0.065015286,0.25027466
1407,803601.56,349532.44,327.69125,5.0,0.06499043,0.23440552
1542,803551.56,349482.44,326.5383,3.0,0.06497894,0.2109375
2072,803401.56,349282.44,329.11636,2.0,0.064939134,0.22808838
507,802576.56,349907.44,299.99548,1.0,0.06493245,0.21566772
3320,803741.0,349879.4,328.22342,1.0,0.064902276,0.24795532
2863,802101.56,348682.44,345.79495,1.0,0.064849615,0.21899414
1915,802551.56,349332.44,316.4342,3.0,0.064750135,0.20755005
2472,803326.56,349107.44,330.85187,2.0,0.064703345,0.23535156
248,803451.56,350157.44,326.23434,1.0,0.064681225,0.20565796
2556,802026.56,349032.44,354.16785,1.0,0.06460445,0.24938965
2456,802926.56,349107.44,327.92792,2.0,0.06458422,0.20455933
2338,802726.56,349157.44,325.43787,1.0,0.06453965,0.22488403
2076,803501.56,349282.44,331.87363,5.0,0.0644941,0.24581909
2413,803226.56,349132.44,329.29596,1.0,0.06443243,0.2901001
3007,803102.56,349802.84,303.9645,1.0,0.064375915,0.2192688
3219,802740.44,349475.4,319.7643,1.0,0.06432002,0.24511719
183,803501.56,350207.44,328.49557,8.0,0.06429992,0.22961426
2446,802676.56,349107.44,325.3135,8.0,0.06428333,0.17800903
2113,802876.56,349257.44,324.303,1.0,0.064229675,0.22875977
2526,802001.56,349057.44,356.0054,1.0,0.06421478,0.24996948
2147,801926.56,349232.44,358.09262,1.0,0.064209804,0.23016357
1267,803526.56,349582.44,326.66785,4.0,0.064109795,0.20230103
993,803426.56,349682.44,326.92062,2.0,0.064107314,0.24417114
3226,802691.5,349356.06,321.31522,4.0,0.06406606,0.15032959
3273,802862.44,350040.7,299.59808,1.0,0.06404268,0.23547363
1785,802626.56,349382.44,322.34122,1.0,0.06395652,0.2093811
3319,803726.8,349893.34,327.63916,1.0,0.063949935,0.22750854
1950,803551.56,349332.44,331.59164,1.0,0.06393908,0.22164917
1136,803576.56,349632.44,327.17047,1.0,0.06388471,0.19100952
2904,802051.56,348607.44,348.354,1.0,0.0637684,0.2230835
3662,802413.6,349287.97,315.40692,1.0,0.06374969,0.32336426
3253,802331.9,348961.44,320.7695,2.0,0.06367863,0.23757935
1834,802001.56,349357.44,348.8367,6.0,0.063547604,0.27749634
2047,802776.56,349282.44,324.06784,1.0,0.06340398,0.22937012
2438,802376.56,349107.44,318.59674,1.0,0.0633574,0.18875122
1084,802076.56,349632.44,335.62512,9.0,0.063341,0.2182312
1336,803526.56,349557.44,327.4338,1.0,0.063338555,0.20178223
2966,802608.75,349795.9,303.47028,3.0,0.063337356,0.20880127
3261,802660.2,349909.34,299.9194,1.0,0.0632868,0.246521
2942,802531.7,349736.28,301.13824,1.0,0.06326595,1.1433716
1129,803401.56,349632.44,327.33817,1.0,0.06323992,0.181427
1211,803751.56,349607.44,333.85336,1.0,0.063236475,0.2239685
2080,801751.56,349257.44,358.0544,1.0,0.063204646,0.2482605
3315,803669.44,349949.03,325.98737,1.0,0.06319413,0.18286133
1919,802776.56,349332.44,323.10696,1.0,0.06317633,0.30264282
2017,801701.56,349282.44,358.45554,11.0,0.06315337,0.18026733
994,803451.56,349682.44,326.92062,1.0,0.06312887,0.2475586
3498,803659.8,349903.2,326.23523,1.0,0.063076764,0.22293091
969,802826.56,349682.44,320.7599,2.0,0.062802315,0.17590332
3355,803555.5,349961.88,324.03085,6.0,0.06273734,0.32485962
2222,802676.56,349207.44,324.79993,3.0,0.062643,0.20046997
3221,802736.1,349437.75,320.66605,1.0,0.06254312,0.22796631
2316,802051.56,349157.44,353.3631,1.0,0.062475048,0.22509766
2141,801776.56,349232.44,358.7776,1.0,0.062413424,0.22277832
1946,803451.56,349332.44,329.3398,1.0,0.062349662,0.22869873
822,803901.56,349757.44,335.86115,2.0,0.062311675,0.22024536
2349,803001.56,349157.44,326.58655,1.0,0.062302172,0.27578735
2867,802201.56,348682.44,344.5986,1.0,0.062247008,0.2230835
559,802826.56,349882.44,299.03403,1.0,0.062198218,0.42288208
1330,803376.56,349557.44,327.3132,1.0,0.06216804,0.19192505
3115,802732.44,349374.06,322.5705,1.0,0.06192357,0.23165894
2221,802651.56,349207.44,324.6382,1.0,0.061918534,0.23043823
2384,802376.56,349132.44,318.4375,1.0,0.061850432,0.19421387
2805,802001.56,348757.44,347.0436,2.0,0.06184787,0.2048645
2943,802544.06,349750.6,301.57913,1.0,0.06172206,0.6888428
2196,803451.56,349232.44,331.87064,1.0,0.061716806,0.2411499
968,802801.56,349682.44,319.8037,1.0,0.06170368,0.3362732
2345,802901.56,349157.44,326.29813,3.0,0.061595615,0.21185303
2697,802051.56,348882.44,346.7928,1.0,0.061563425,0.23428345
69,803426.56,350307.44,331.6556,1.0,0.061443776,0.22055054
3501,803615.6,349943.9,325.21198,1.0,0.061434183,0.27108765
3082,802682.1,349612.2,313.61597,1.0,0.06134883,0.24331665
2419,803376.56,349132.44,331.5861,3.0,0.061336722,0.20657349
2763,801976.56,348807.44,347.90305,1.0,0.06131519,0.21444702
2675,802051.56,348907.44,346.88828,1.0,0.061282687,0.25341797
1339,803601.56,349557.44,327.69125,1.0,0.06119251,0.2347107
2845,802076.56,348707.44,346.06,1.0,0.06118477,0.21575928
2417,803326.56,349132.44,330.45724,1.0,0.06111334,0.21185303
2087,801926.56,349257.44,358.6039,1.0,0.061104745,0.22253418
3181,802694.7,349382.88,321.1746,1.0,0.061078593,0.17687988
3633,801931.4,349602.53,337.23978,2.0,0.06101687,0.24047852
2784,801976.56,348782.44,347.78555,1.0,0.060932826,0.24157715
3033,801966.56,349163.47,356.69257,1.0,0.06086711,0.14620972
2964,802584.06,349766.78,303.14694,4.0,0.060859002,0.24304199
3170,802547.4,349220.97,315.8397,1.0,0.06070255,0.23880005
1442,802651.56,349507.44,321.0682,1.0,0.060677875,0.21420288
2071,803376.56,349282.44,328.37747,1.0,0.060634352,0.21209717
2352,803076.56,349157.44,327.02167,1.0,0.06057591,0.20965576
2786,802026.56,348782.44,346.63544,1.0,0.060513947,0.19464111
1008,803801.56,349682.44,334.18427,2.0,0.06045429,0.20629883
2741,801976.56,348832.44,348.00943,1.0,0.060447033,0.21780396
2823,801976.56,348732.44,347.89767,1.0,0.060423248,0.20944214
214,803451.56,350182.44,326.1035,1.0,0.060412012,0.20352173
212,803401.56,350182.44,325.31644,1.0,0.060340025,0.20404053
3476,803826.2,349767.47,332.95282,1.0,0.060320817,0.21850586
1833,801976.56,349357.44,348.83435,1.0,0.060253765,0.22189331
2407,803076.56,349132.44,327.39398,6.0,0.060197,0.19644165
2165,802676.56,349232.44,324.46704,1.0,0.060099777,0.17214966
2866,802176.56,348682.44,344.7139,1.0,0.060098357,0.18743896
2400,802901.56,349132.44,326.85666,1.0,0.060070343,0.20135498
885,802151.56,349707.44,331.59897,1.0,0.0600335,0.20227051
3168,802521.9,349190.38,316.18814,1.0,0.060031187,0.27789307
3225,802704.44,349371.2,321.3141,1.0,0.06002063,0.10971069
345,802726.56,350057.44,298.96875,1.0,0.059998892,0.20166016
26,803351.56,350357.44,330.30087,1.0,0.05999223,0.20196533
2249,803351.56,349207.44,329.4133,1.0,0.059894487,0.19177246
1982,802751.56,349307.44,323.72495,5.0,0.0598139,0.22125244
504,802501.56,349907.44,299.7593,2.0,0.05978065,0.5680237
3051,802430.6,349110.7,317.916,5.0,0.059773177,0.35055542
2451,802801.56,349107.44,326.17578,1.0,0.05974498,0.20251465
1143,803751.56,349632.44,333.8132,1.0,0.05974366,0.23297119
1278,803801.56,349582.44,333.92825,1.0,0.059698857,0.2180481
2473,803351.56,349107.44,331.31604,3.0,0.05962819,0.2236023
247,803426.56,350157.44,325.59106,5.0,0.059507664,0.17428589
2896,802151.56,348632.44,346.27603,2.0,0.059468683,0.21716309
245,803376.56,350157.44,325.15704,1.0,0.05945861,0.20669556
3218,802741.8,349495.28,319.36584,1.0,0.059403904,0.23364258
2468,803226.56,349107.44,329.53723,3.0,0.059388578,0.18951416
282,803426.56,350132.44,325.06836,1.0,0.05935329,0.21087646
3031,801931.06,349133.6,356.27783,1.0,0.059264496,0.23168945
3351,803616.9,349915.72,325.41116,1.0,0.059245206,0.30252075
2892,802051.56,348632.44,348.6612,5.0,0.05918974,0.2411499
181,803451.56,350207.44,326.10934,1.0,0.059098415,0.21621704
2223,802701.56,349207.44,324.88574,1.0,0.059031274,0.22265625
2046,802751.56,349282.44,324.0859,5.0,0.05900762,0.26306152
1065,803501.56,349657.44,327.19424,1.0,0.059006926,0.19815063
18,803151.56,350357.44,327.6307,1.0,0.058988832,0.25424194
2399,802876.56,349132.44,326.74487,1.0,0.058982763,0.19259644
1009,803826.56,349682.44,334.84946,1.0,0.058968432,0.20932007
508,802601.56,349907.44,300.2033,4.0,0.05892882,0.20169067
2143,801826.56,349232.44,359.15283,2.0,0.05891002,0.20706177
1264,803451.56,349582.44,325.68008,1.0,0.058864012,0.22839355
355,802476.56,350032.44,299.30243,1.0,0.058775086,0.34555054
553,802551.56,349882.44,299.84335,1.0,0.058594745,0.35632324
2043,802526.56,349282.44,316.20367,1.0,0.05858726,0.2083435
6,803201.56,350382.44,327.54828,1.0,0.058567576,0.23083496
1851,802601.56,349357.44,316.44226,1.0,0.058518022,0.2012024
3487,803815.75,349749.7,333.0705,1.0,0.058484893,0.2156372
3116,802719.6,349358.2,322.53235,1.0,0.058334976,0.24227905
1647,802626.56,349432.44,322.3219,4.0,0.05829865,0.19702148
1722,802851.56,349407.44,318.92685,1.0,0.058282167,0.20706177
250,803501.56,350157.44,327.7635,3.0,0.058147468,0.22286987
3179,802668.8,349352.6,321.15646,1.0,0.058063492,0.18875122
2420,803401.56,349132.44,331.91702,1.0,0.057993457,0.20126343
941,803751.56,349707.44,333.57056,1.0,0.05792173,0.19937134
2396,802801.56,349132.44,325.90903,2.0,0.05774107,0.18695068
1920,802801.56,349332.44,323.09216,1.0,0.057719447,0.26309204
1406,803576.56,349532.44,326.99277,4.0,0.05767165,0.20703125
2690,802501.56,348907.44,323.264,1.0,0.057642467,0.2904663
2422,801976.56,349107.44,356.76205,6.0,0.057578437,0.20446777
2360,803276.56,349157.44,329.25522,1.0,0.05744423,0.29455566
353,803601.56,350057.44,327.63016,3.0,0.057352554,0.23892212
745,802476.56,349782.44,301.4471,1.0,0.057334244,0.44351196
1574,802526.56,349457.44,308.1174,1.0,0.057319906,0.2402649
2449,802751.56,349107.44,325.72107,1.0,0.057232082,0.14929199
2401,802926.56,349132.44,326.9339,1.0,0.05719076,0.22613525
1,803076.56,350382.44,329.8491,1.0,0.057180285,0.17999268
2309,803426.56,349182.44,332.0472,3.0,0.057124227,0.21640015
1767,801976.56,349382.44,348.65088,3.0,0.05709119,0.22598267
2201,801851.56,349207.44,359.7917,1.0,0.056924704,0.17385864
2145,801876.56,349232.44,359.132,1.0,0.056862857,0.2034607
33,803076.56,350332.44,327.5998,1.0,0.056769527,0.18743896
2523,803276.56,349082.44,330.44754,4.0,0.056758404,0.20925903
2351,803051.56,349157.44,326.89667,10.0,0.056541,0.23712158
1488,801901.56,349482.44,340.52576,1.0,0.05651937,0.19296265
2879,802101.56,348657.44,346.2757,6.0,0.056488935,0.20004272
2397,802826.56,349132.44,326.2231,11.0,0.056461185,0.20275879
799,802851.56,349757.44,319.8271,1.0,0.056388255,0.2211914
2142,801801.56,349232.44,358.9983,1.0,0.056141432,0.21188354
3353,803587.56,349941.66,324.5456,1.0,0.05612916,0.2288208
877,803726.56,349732.44,329.69174,1.0,0.056072075,0.25897217
2501,802701.56,349082.44,325.80005,1.0,0.05602794,0.19442749
1853,802776.56,349357.44,322.76962,1.0,0.056013443,0.2392273
2477,801976.56,349082.44,356.46814,2.0,0.056011096,0.1671753
2398,802851.56,349132.44,326.57443,5.0,0.05595579,0.20236206
1968,802076.56,349307.44,350.27405,1.0,0.05593525,0.26156616
328,802751.56,350082.44,299.3426,1.0,0.055860266,0.21963501
3500,803630.4,349930.5,325.49542,1.0,0.05582939,0.21963501
149,803426.56,350232.44,325.44507,1.0,0.055820208,0.24075317
1899,801976.56,349332.44,349.2926,1.0,0.055696543,0.22088623
2514,803051.56,349082.44,328.46527,1.0,0.05566755,0.18786621
2465,803151.56,349107.44,329.69742,1.0,0.055584185,0.15679932
2146,801901.56,349232.44,358.88486,2.0,0.055525046,0.19448853
1981,802726.56,349307.44,323.87808,2.0,0.05550141,0.20391846
2285,802826.56,349182.44,325.72614,1.0,0.05544088,0.17330933
3,803126.56,350382.44,329.28427,1.0,0.05543772,0.19537354
233,803076.56,350157.44,308.1626,1.0,0.055304397,0.2715149
2439,802401.56,349107.44,318.2685,1.0,0.055301573,0.1678772
1983,802776.56,349307.44,323.51797,1.0,0.05528844,0.2536316
5,803176.56,350382.44,328.08344,1.0,0.055125833,0.19961548
1305,802651.56,349557.44,319.89536,4.0,0.055060875,0.18878174
2343,802851.56,349157.44,326.125,3.0,0.054994605,0.19021606
2447,802701.56,349107.44,325.50467,1.0,0.054966543,0.18682861
4,803151.56,350382.44,328.35257,3.0,0.054954365,0.19500732
2764,802001.56,348807.44,346.98026,1.0,0.054936536,0.1963501
2965,802596.4,349781.34,303.64148,3.0,0.054893203,0.19186401
1416,801826.56,349507.44,339.4006,6.0,0.05479734,0.302063
3034,801987.44,349176.44,356.3076,2.0,0.05449916,0.22174072
2891,802026.56,348632.44,349.02835,1.0,0.054492168,0.22723389
3178,802655.44,349337.44,321.1545,1.0,0.05443014,0.18136597
2405,803026.56,349132.44,327.1397,1.0,0.054336652,0.20932007
1174,802826.56,349607.44,320.41885,1.0,0.054201864,0.20324707
2912,802251.56,348607.44,345.61343,1.0,0.05396635,0.2574463
2070,803351.56,349282.44,327.9583,1.0,0.053966224,0.193573
1135,803551.56,349632.44,326.72784,2.0,0.05394901,0.15209961
2414,803251.56,349132.44,329.40625,1.0,0.05394503,0.2079773
2450,802776.56,349107.44,325.87177,4.0,0.05385903,0.17251587
2081,801776.56,349257.44,358.07477,2.0,0.053803287,0.26055908
2048,802801.56,349282.44,323.93976,1.0,0.053771682,0.23669434
34,803101.56,350332.44,327.57996,1.0,0.05367466,0.190094
796,802776.56,349757.44,310.09213,1.0,0.05355429,0.2774353
323,803551.56,350107.44,327.76328,1.0,0.053483106,0.15856934
3502,803600.2,349957.22,324.7847,2.0,0.053465925,0.2602234
1238,802801.56,349582.44,320.73148,1.0,0.05343119,0.18045044
2582,802001.56,349007.44,354.79883,5.0,0.053326942,0.19262695
3637,801997.8,349559.0,335.0609,4.0,0.053281434,0.29959106
2874,801976.56,348657.44,349.91498,3.0,0.053132873,0.18600464
2018,801726.56,349282.44,357.69687,1.0,0.053077318,0.2786255
2766,802051.56,348807.44,346.36063,1.0,0.052963663,0.22930908
552,802526.56,349882.44,299.64334,1.0,0.052927416,0.67422485
2286,802851.56,349182.44,325.7368,2.0,0.052535985,0.21057129
206,803251.56,350182.44,317.64542,1.0,0.052483957,0.27520752
944,802026.56,349682.44,336.60284,1.0,0.052358635,0.24874878
246,803401.56,350157.44,325.3309,1.0,0.05229404,0.15249634
1994,803051.56,349307.44,323.88428,1.0,0.05221614,0.375
1134,803526.56,349632.44,326.41214,5.0,0.05212717,0.18386841
942,803776.56,349707.44,333.60364,1.0,0.052040767,0.19943237
3032,801948.9,349150.12,356.87704,1.0,0.051834293,0.15039062
992,803401.56,349682.44,327.3519,1.0,0.05177958,0.18920898
2106,802701.56,349257.44,324.43854,1.0,0.0517681,0.15563965
1613,803601.56,349457.44,331.125,3.0,0.051655255,0.2078247
3327,803840.25,349781.72,333.32394,2.0,0.051433213,0.18118286
2079,801726.56,349257.44,358.30377,2.0,0.051394843,0.1873169
2860,802026.56,348682.44,346.83615,1.0,0.051156916,0.1802063
462,802576.56,349932.44,299.58826,1.0,0.051069643,0.23132324
1213,803801.56,349607.44,334.2183,3.0,0.05101783,0.17803955
2086,801901.56,349257.44,358.1645,1.0,0.051005077,0.24395752
2889,801976.56,348632.44,349.4401,1.0,0.05096116,0.15264893
148,803401.56,350232.44,325.03525,1.0,0.050882988,0.28793335
1978,802526.56,349307.44,316.3001,1.0,0.05086784,0.16229248
3114,802743.25,349394.12,322.24738,1.0,0.050851326,0.29067993
943,803801.56,349707.44,333.9272,1.0,0.05082966,0.18591309
2077,803526.56,349282.44,332.24136,2.0,0.05072796,0.17648315
410,803451.56,349982.44,321.82565,1.0,0.05060773,0.21316528
1144,803776.56,349632.44,333.93848,1.0,0.05056075,0.13690186
2650,802651.56,348957.44,336.7753,4.0,0.050514586,0.18145752
2844,802051.56,348707.44,346.35043,4.0,0.050493404,0.21627808
2824,802001.56,348732.44,346.7681,1.0,0.05046843,0.17840576
2512,803001.56,349082.44,328.26376,4.0,0.05043401,0.16998291
2914,802076.56,348582.44,347.95102,1.0,0.050317638,0.2397461
3043,802322.56,348998.4,321.07275,1.0,0.050238296,0.17276001
3477,803840.4,349753.53,333.3326,1.0,0.050125577,0.16378784
16,803101.56,350357.44,328.579,6.0,0.050064396,0.17248535
3259,802630.3,349881.3,300.7998,1.0,0.049965438,0.17086792
3356,803538.5,349970.47,323.69034,3.0,0.049891792,0.2980957
2224,802726.56,349207.44,324.91248,1.0,0.04988594,0.2111206
3328,803854.44,349767.78,333.9566,3.0,0.04981454,0.18057251
3044,802338.4,349010.5,320.2561,1.0,0.049800802,0.15826416
15,803076.56,350357.44,328.70035,1.0,0.049697857,0.14663696
342,803601.56,350082.44,327.5525,3.0,0.049687605,0.19360352
2865,802151.56,348682.44,344.875,1.0,0.049577102,0.1565857
1476,803601.56,349507.44,327.875,1.0,0.049493656,0.13830566
3050,802418.2,349095.16,318.20068,1.0,0.049366906,0.24041748
1214,803826.56,349607.44,334.2911,3.0,0.04923053,0.20132446
2744,802051.56,348832.44,346.6195,1.0,0.049182665,0.1892395
3169,802534.6,349205.66,315.9113,2.0,0.048930272,0.22103882
1373,802651.56,349532.44,320.375,1.0,0.04882869,0.1670227
2391,802676.56,349132.44,324.9491,1.0,0.04882142,0.21206665
2743,802026.56,348832.44,346.6219,1.0,0.04878967,0.20123291
772,803726.56,349782.44,329.88412,1.0,0.04878608,0.1696167
2848,802151.56,348707.44,344.68945,4.0,0.048764102,0.13964844
1614,803626.56,349457.44,331.0748,2.0,0.048612714,0.2925415
2916,802126.56,348582.44,347.8632,1.0,0.04853381,0.15383911
946,802076.56,349682.44,336.7591,2.0,0.04847131,0.1802063
3167,802509.1,349175.06,316.2498,1.0,0.048447818,0.28045654
2696,802026.56,348882.44,347.10403,1.0,0.04841958,0.17468262
2668,802526.56,348932.44,323.38766,1.0,0.048403908,0.1675415
2875,802001.56,348657.44,349.68866,2.0,0.048286334,0.14944458
3329,803868.6,349753.8,334.35193,1.0,0.04816041,0.17276001
1062,803426.56,349657.44,327.3034,1.0,0.048058283,0.13067627
2108,802751.56,349257.44,324.29214,1.0,0.048043415,0.16091919
1133,803501.56,349632.44,326.04364,1.0,0.047742855,0.16921997
2878,802076.56,348657.44,346.45206,1.0,0.047729313,0.1543274
790,802476.56,349757.44,301.6676,1.0,0.047681626,0.5888977
2842,802001.56,348707.44,346.7681,1.0,0.047640666,0.16186523
800,802876.56,349757.44,320.20865,2.0,0.047631312,0.15496826
2230,802876.56,349207.44,325.46225,2.0,0.04747605,0.16604614
2423,802001.56,349107.44,356.86884,1.0,0.04738491,0.17532349
2905,802076.56,348607.44,348.30325,1.0,0.047186133,0.17663574
2508,802876.56,349082.44,329.1075,1.0,0.04710578,0.18118286
1649,802676.56,349432.44,321.95218,1.0,0.047098342,0.16647339
179,803401.56,350207.44,325.04282,1.0,0.04707174,0.28079224
1479,803676.56,349507.44,332.25638,2.0,0.047042787,0.16012573
2169,802776.56,349232.44,324.9012,1.0,0.046934843,0.17971802
1268,803551.56,349582.44,326.7222,2.0,0.046908733,0.18347168
2225,802751.56,349207.44,325.08118,1.0,0.04676354,0.18621826
3064,802600.0,349307.34,316.7541,1.0,0.04668892,0.1776123
3411,802688.3,349907.38,299.41092,1.0,0.046586964,0.20684814
451,803501.56,349957.44,322.9101,1.0,0.046586815,0.253479
825,802101.56,349732.44,337.44,1.0,0.046579886,0.16879272
1333,803451.56,349557.44,325.26218,1.0,0.04655744,0.37158203
2509,802901.56,349082.44,329.1075,1.0,0.046446234,0.1713562
2344,802876.56,349157.44,326.17792,1.0,0.04638734,0.17858887
848,802851.56,349732.44,320.19696,1.0,0.04636108,0.1656189
2507,802851.56,349082.44,329.2251,1.0,0.046298943,0.1786499
2110,802801.56,349257.44,324.303,1.0,0.046054438,0.18048096
2806,802026.56,348757.44,346.6589,2.0,0.04595916,0.16134644
3110,802760.4,349473.97,320.15408,4.0,0.045953844,0.22305298
2459,803001.56,349107.44,327.6919,2.0,0.045780938,0.20916748
2516,803101.56,349082.44,329.15625,1.0,0.04575722,0.17407227
2173,802876.56,349232.44,324.84225,3.0,0.04552626,0.175354
3222,802730.75,349419.4,320.92026,2.0,0.04547969,0.18588257
1884,803551.56,349357.44,330.91626,1.0,0.04543086,0.23605347
3486,803829.94,349735.75,333.4073,1.0,0.045342814,0.17648315
3260,802645.2,349896.16,300.25378,1.0,0.0452675,0.17236328
558,802801.56,349882.44,299.0771,1.0,0.045248933,0.36346436
1078,803826.56,349657.44,335.2194,2.0,0.04522377,0.16043091
2229,802851.56,349207.44,325.37552,2.0,0.045167256,0.18209839
2500,802676.56,349082.44,325.33502,1.0,0.04516225,0.15707397
3258,802617.06,349866.44,301.4661,5.0,0.04513865,0.17095947
3080,802698.7,349576.03,315.78293,1.0,0.045121834,0.13168335
2340,802776.56,349157.44,325.65546,1.0,0.045068637,0.13882446
1648,802651.56,349432.44,321.9374,2.0,0.04504675,0.16207886
1015,802076.56,349657.44,335.746,1.0,0.044969026,0.17507935
1580,802676.56,349457.44,321.3094,1.0,0.044947732,0.12637329
2339,802751.56,349157.44,325.53125,1.0,0.04492347,0.16403198
1546,803651.56,349482.44,331.92484,1.0,0.04475951,0.17800903
213,803426.56,350182.44,325.5625,1.0,0.044722926,0.1487732
2861,802051.56,348682.44,346.5248,5.0,0.044709157,0.13876343
2287,802876.56,349182.44,325.8958,1.0,0.04466472,0.18063354
2395,802776.56,349132.44,325.65463,1.0,0.04461759,0.14465332
1578,802626.56,349457.44,321.497,1.0,0.044594213,0.19030762
555,802601.56,349882.44,300.5805,1.0,0.04446682,0.16049194
2517,803126.56,349082.44,329.6379,6.0,0.044245407,0.14898682
2167,802726.56,349232.44,324.56165,1.0,0.044176824,0.17630005
1487,801876.56,349482.44,339.8079,1.0,0.044079233,0.1524353
2469,803251.56,349107.44,329.62222,1.0,0.04398721,0.17089844
409,803426.56,349982.44,321.59375,1.0,0.04396275,0.17575073
2366,803426.56,349157.44,332.15625,1.0,0.043857105,0.15725708
2520,803201.56,349082.44,329.75418,3.0,0.04361723,0.11752319
3186,802725.8,349481.4,319.83102,1.0,0.04351472,0.18719482
2862,802076.56,348682.44,346.22815,1.0,0.0434426,0.13259888
2342,802826.56,349157.44,325.9375,1.0,0.043295946,0.15170288
2045,802726.56,349282.44,324.2515,2.0,0.043243863,0.14639282
3484,803858.3,349707.84,333.8233,1.0,0.043094225,0.16751099
2785,802001.56,348782.44,347.0,1.0,0.042999174,0.17883301
2403,802976.56,349132.44,327.15445,1.0,0.04279314,0.1769104
1077,803801.56,349657.44,334.4098,3.0,0.042766437,0.16729736
945,802051.56,349682.44,336.625,1.0,0.042603318,0.24435425
1335,803501.56,349557.44,325.37885,1.0,0.042555675,0.26116943
2170,802801.56,349232.44,324.93494,1.0,0.04255563,0.19528198
322,803526.56,350107.44,327.69574,5.0,0.04245358,0.22833252
2138,803501.56,349257.44,332.66238,11.0,0.042441875,0.18148804
2521,803226.56,349082.44,329.7169,10.0,0.04241185,0.13635254
2226,802776.56,349207.44,325.2841,1.0,0.0423941,0.19024658
2168,802751.56,349232.44,324.63385,1.0,0.04225526,0.17541504
2415,803276.56,349132.44,329.5041,3.0,0.042220403,0.15228271
1066,803526.56,349657.44,327.36682,2.0,0.042206112,0.14221191
2282,802751.56,349182.44,325.53125,1.0,0.04218935,0.14312744
1403,803501.56,349532.44,325.37982,1.0,0.04218326,0.2566223
2392,802701.56,349132.44,325.51703,1.0,0.04212924,0.1376648
2923,802151.56,348557.44,347.74554,1.0,0.042108897,0.16104126
2310,803451.56,349182.44,332.41745,1.0,0.042108763,0.16195679
1266,803501.56,349582.44,325.8748,2.0,0.04201115,0.23001099
554,802576.56,349882.44,300.05948,1.0,0.04187323,0.18484497
3339,803787.56,349749.4,332.6395,4.0,0.04180625,0.21569824
2205,801951.56,349207.44,356.7103,1.0,0.04179681,0.20565796
3478,803854.56,349739.56,333.6462,1.0,0.041688524,0.12875366
824,802076.56,349732.44,337.1006,1.0,0.041618366,0.14263916
2014,803551.56,349307.44,331.87582,1.0,0.04158268,0.14575195
2906,802101.56,348607.44,348.0625,4.0,0.041521814,0.13201904
3071,802689.25,349410.25,321.1899,1.0,0.04133781,0.13275146
1014,802051.56,349657.44,336.62564,4.0,0.041104168,0.21688843
286,803526.56,350132.44,327.85413,1.0,0.041023146,0.16506958
2522,803251.56,349082.44,329.7189,1.0,0.0409695,0.138031
2511,802976.56,349082.44,328.30377,1.0,0.04089619,0.14102173
882,802076.56,349707.44,336.97177,1.0,0.040892974,0.18292236
3409,802658.44,349881.2,300.73157,1.0,0.04089026,0.1946106
3326,803826.06,349795.7,332.80048,1.0,0.040717825,0.14529419
2166,802701.56,349232.44,324.56165,2.0,0.04048591,0.1303711
151,803476.56,350232.44,329.11078,1.0,0.040434964,0.14654541
3631,801898.2,349624.28,337.69794,7.0,0.040424872,0.14212036
1147,803851.56,349632.44,335.07556,2.0,0.040145885,0.1458435
2341,802801.56,349157.44,325.7655,2.0,0.04007196,0.1274414
2144,801851.56,349232.44,359.24762,2.0,0.04001463,0.16537476
3412,802703.3,349920.47,298.86816,1.0,0.039919127,0.24597168
3331,803896.94,349725.9,335.04163,1.0,0.039806962,0.1413269
2406,803051.56,349132.44,327.21875,1.0,0.039788354,0.15957642
2499,802651.56,349082.44,325.22763,1.0,0.03964315,0.19741821
1106,802826.56,349632.44,320.97153,2.0,0.039356552,0.14645386
3330,803882.75,349739.88,334.77133,1.0,0.03897059,0.13626099
1543,803576.56,349482.44,327.00916,1.0,0.038634017,0.16873169
2695,802001.56,348882.44,347.21216,3.0,0.038157515,0.10787964
2107,802726.56,349257.44,324.31326,1.0,0.03810036,0.19064331
360,802751.56,350032.44,299.02435,1.0,0.037932593,0.26931763
3481,803897.1,349697.72,334.46957,1.0,0.03781033,0.104156494
3479,803868.75,349725.62,333.93555,1.0,0.03762978,0.116607666
3076,802707.25,349502.7,319.28662,1.0,0.037513472,0.20965576
1717,802626.56,349407.44,322.5191,6.0,0.037299875,0.13302612
3075,802705.9,349482.8,319.97375,1.0,0.03714699,0.11608887
3325,803811.9,349809.62,332.04932,1.0,0.037110206,0.117767334
3410,802673.3,349894.28,299.98334,1.0,0.03705724,0.17098999
2284,802801.56,349182.44,325.63193,1.0,0.036900166,0.13967896
3255,802300.25,348937.22,321.72684,2.0,0.03661769,0.13095093
905,802851.56,349707.44,320.53458,1.0,0.03649423,0.13446045
1063,803451.56,349657.44,327.16083,1.0,0.036451567,0.15197754
2227,802801.56,349207.44,325.34674,1.0,0.036327112,0.1572876
2745,802076.56,348832.44,346.39926,1.0,0.03626409,0.20108032
1038,802826.56,349657.44,321.13608,1.0,0.0359348,0.11782837
1145,803801.56,349632.44,334.52094,1.0,0.035712495,0.13153076
3332,803911.1,349711.97,334.8126,1.0,0.035494715,0.12173462
3483,803872.5,349693.88,334.07376,3.0,0.03548309,0.14349365
285,803501.56,350132.44,327.8138,1.0,0.035366714,0.13372803
3180,802681.75,349367.72,321.18777,1.0,0.035149723,0.16217041
1128,803376.56,349632.44,327.375,3.0,0.0351092,0.14761353
881,802051.56,349707.44,336.68997,1.0,0.034961678,0.21621704
3485,803844.1,349721.78,333.53125,1.0,0.034891754,0.10787964
3408,802645.25,349868.0,301.4892,1.0,0.03461181,0.17782593
2394,802751.56,349132.44,325.5772,1.0,0.034436163,0.15246582
2742,802001.56,348832.44,347.125,1.0,0.03443075,0.14199829
2513,803026.56,349082.44,328.295,2.0,0.0343434,0.15847778
3480,803882.94,349711.66,334.2002,1.0,0.034147922,0.103759766
1683,803601.56,349432.44,331.2245,2.0,0.034009658,0.1394043
2109,802776.56,349257.44,324.35464,1.0,0.033840235,0.13964844
3407,802632.0,349853.16,302.1949,1.0,0.033642273,0.19088745
3237,802544.25,349193.78,316.43173,1.0,0.033627104,0.13034058
3635,801964.56,349580.75,335.93808,1.0,0.03308407,0.26089478
2719,802001.56,348857.44,347.125,1.0,0.032481153,0.14068604
3323,803783.5,349837.53,330.40872,1.0,0.032439347,0.13796997
1579,802651.56,349457.44,321.53705,1.0,0.032192525,0.09713745
3185,802724.4,349461.53,320.30197,3.0,0.03172748,0.17602539
2412,803201.56,349132.44,329.36902,1.0,0.03165197,0.21969604
1173,802801.56,349607.44,320.78683,3.0,0.031480417,0.15237427
3337,803815.94,349721.5,333.42773,1.0,0.031437878,0.15228271
1105,802801.56,349632.44,320.99936,2.0,0.031292785,0.09979248
2843,802026.56,348707.44,346.59515,2.0,0.031179937,0.15112305
2393,802726.56,349132.44,325.5772,1.0,0.030906253,0.11352539
2283,802776.56,349182.44,325.56943,1.0,0.030890942,0.1564331
3184,802721.06,349440.3,320.73624,3.0,0.03069078,0.18283081
3254,802316.06,348949.3,321.41922,1.0,0.030623639,0.15093994
2448,802726.56,349107.44,325.75,1.0,0.030521953,0.11312866
2467,803201.56,349107.44,329.59674,1.0,0.030177977,0.13778687
3406,802618.8,349838.28,302.6284,1.0,0.030159302,0.20385742
1079,803851.56,349657.44,335.33832,1.0,0.028624998,0.08242798
3482,803886.7,349679.94,334.25165,5.0,0.028407479,0.118011475
3063,802586.4,349292.8,316.5278,1.0,0.028309971,0.15530396
3632,801914.75,349613.4,337.31784,1.0,0.028276132,0.16906738
1979,802551.56,349307.44,316.5278,1.0,0.027736945,0.15530396
3324,803797.7,349823.6,331.42792,2.0,0.027591763,0.14990234
3223,802724.4,349400.7,321.11374,1.0,0.027494844,0.13500977
3333,803872.6,349665.7,334.33148,1.0,0.027486436,0.08856201
3338,803801.75,349735.44,333.17963,1.0,0.027384639,0.12322998
2518,803151.56,349082.44,329.7512,1.0,0.026669765,0.107666016
1212,803776.56,349607.44,333.9666,1.0,0.02644668,0.125
3183,802715.3,349420.5,321.01215,1.0,0.02550628,0.13406372
3557,801942.4,349619.25,337.29633,1.0,0.025333283,0.18527222
849,802876.56,349732.44,320.21652,1.0,0.025317987,0.14624023
1061,803401.56,349657.44,327.4707,3.0,0.025144007,0.073272705
3074,802704.44,349462.97,320.31287,1.0,0.024859773,0.16625977
3067,802640.6,349350.84,321.33856,1.0,0.024523368,0.090423584
2510,802951.56,349082.44,328.34964,1.0,0.024415135,0.11981201
1197,803401.56,349607.44,327.39386,1.0,0.023868745,0.12814331
1262,803401.56,349582.44,327.40625,1.0,0.02367841,0.11514282
3256,802284.44,348925.12,321.75818,1.0,0.023676606,0.10687256
1331,803401.56,349557.44,327.3777,1.0,0.02302938,0.13320923
3556,801925.75,349630.12,337.32434,1.0,0.022881892,0.16589355
3335,803844.25,349693.6,333.9949,1.0,0.022371467,0.090148926
3073,802701.6,349445.12,320.7496,1.0,0.021619653,0.16790771
2466,803176.56,349107.44,329.64005,4.0,0.02155104,0.11273193
3336,803830.06,349707.53,333.62097,3.0,0.021467227,0.067596436
1196,803376.56,349607.44,327.40433,1.0,0.020848908,0.117889404
3182,802706.94,349400.9,321.21765,4.0,0.020550458,0.1048584
1060,803376.56,349657.44,327.4069,2.0,0.020532856,0.12145996
991,803376.56,349682.44,327.4306,9.0,0.020417212,0.11218262
3068,802653.56,349365.6,321.27756,1.0,0.01881602,0.06906128
3334,803858.44,349679.62,334.22302,1.0,0.018101078,0.07299805
325,802676.56,350082.44,293.604,1.0,0.015935307,0.13934326
3072,802696.3,349426.84,321.0625,1.0,0.0153670125,0.08618164
3224,802716.56,349386.22,321.25,2.0,0.014854158,0.08288574
288,802676.56,350107.44,293.61978,1.0,0.013593859,0.11148071
3069,802666.5,349380.72,321.27557,1.0,0.012980848,0.07446289
